Date,GenusCoral,MorphoCoral,mDcoral,Depth,NumComp,GenusComp,MorphoComp,mDcomp,InvolvedPerim,HdiffComp-Coral,netOvergrowth,netOverreach
2013-04-18,Pocillopora,Br,9.8,4.2,1,Montipora,En,17.5,10.5,-5.7,0,0.5
2013-04-18,Pocillopora,Br,9.8,4.2,2,Montipora,En,3.8,1.8,-5.5,0,0.7
2013-04-18,Acropora,Br,18.33333333,4.3,1,Pocillopora,Br,17.23333333,10,-1,0,-1.6
2013-04-18,Acropora,Br,14.93333333,3.8,1,Favia,Ma,10.23333333,9,-7.7,0.9,-0.8
2013-04-18,Acropora,Br,14.93333333,3.8,2,Montipora,En,8,2.5,-5.5,-1.8,-0.5
2013-04-18,Favia,Ma,6.666666667,3.8,1,Montipora,En,8,4.3,4.3,-2.2,-0.6
2013-04-18,Favia,Ma,6.666666667,3.8,2,Polycarpa,Ma,6.466666667,4.3,-1.3,-1,0
2013-04-18,Montipora,En,35.66666667,4.2,1,Galaxea,Ma,10.5,26,-10.7,0,-2.4
2013-04-18,Montipora,En,35.66666667,4.2,2,Pocillopora,Br,17.26666667,34,4.7,0,-0.5
2013-04-18,Montipora,En,18.56666667,4.1,1,Montastrea,Ma,7.366666667,13.5,0,0,-2
2013-04-18,Montipora,En,18.56666667,4.1,2,Montipora,En,21.9,5.5,-4,1,0.8
2013-04-18,Montipora,En,18.56666667,4.1,3,Pocillopora,Br,2.666666667,1.7,-0.2,0,-0.5
2013-04-18,Pocillopora,Br,25.83333333,3.6,1,Acropora,Tab,35.13333333,10.5,-1.6,0,1.9
2013-04-18,Pocillopora,Br,25.83333333,3.6,2,Montipora,En,38.7,37,-1.6,-2.2,0.1
2013-04-18,Acropora,Br,10.83333333,3.7,1,Montipora,En,38.6,10.2,3.3,0,1.4
2013-04-18,Acropora,Br,10.83333333,3.7,2,Pocillopora,Br,6.033333333,3,-10.4,0,-0.5
2013-04-18,Pocillopora,Br,8.266666667,3.7,1,Acropora,Br,23.6,2.7,9.7,0,0.6
2013-04-18,Acropora,Br,37.03333333,3.2,1,Montipora,En,28.96666667,6.8,-0.5,1.2,0.2
2013-04-18,Acropora,Br,37.03333333,3.2,2,Pocillopora,Br,2.566666667,3.4,-7.3,0,-0.1
2013-04-18,Acropora,Br,37.03333333,3.2,3,Montipora,En,11.5,9,-6.7,0.6,0.5
2013-04-18,Acropora,Br,37.03333333,3.2,4,Montipora,En,6.433333333,12.4,-8.2,-1.5,-0.5
2013-04-18,Acropora,Br,2.8,3.3,1,Acropora,Br,1.466666667,1.3,-1.4,0.3,0
2013-04-18,Acropora,Br,5.766666667,3.1,1,Porites,Br,7.166666667,3.6,0,0.9,0.5
2013-02-28,Acropora,Br,12.5,1.4,1,Porites,Ma,12.66666667,6,-6,2.6,0.7
2013-02-28,Acropora,Br,12.5,1.4,2,Porites,Ma,12,2,-7,1.2,0.3
2013-02-28,Acropora,Br,9.2,1.4,1,Porites,Br,22.66666667,1,12,-0.7,0
2013-02-28,Acropora,Br,10.33333333,1.4,1,Porites,Ma,6,3.5,-4,1.7,0.2
2013-02-28,Acropora,Br,10.33333333,1.4,2,Porites,Br,7,1,0,0,-0.3
2013-02-28,Acropora,Br,15.53333333,1.5,1,Porites,Ma,8.333333333,14,-1,1.2,0.7
2013-02-28,Acropora,Br,15.53333333,1.5,2,Montipora,Br,5.5,5.5,-7,0.7,1.6
2013-02-28,Porites,Ma,47.9,1.5,1,Cladiella,S.Br,7.5,10,-2,-3.3,-0.8
2013-02-28,Porites,Ma,47.9,1.5,2,Acropora,Br,13,3,0.5,-0.8,0.3
2013-02-28,Porites,Ma,47.9,1.5,3,Cladiella,S.Br,4.666666667,6,-1,-2.7,-0.7
2013-02-28,Porites,Ma,43.2,1.7,1,Montipora,En,21.66666667,42,-4,-14.8,-0.8
2013-02-28,Porites,Br,7.366666667,1.4,1,Porites,Ma,5,3,3,0.4,0.5
2013-02-28,Porites,Br,7.366666667,1.4,2,Porites,Ma,10.83333333,4.5,3,1.1,0.4
2013-02-28,Acropora,Br,23.16666667,2,1,Porites,Ma,71.66666667,26,0,3.7,1.3
2013-02-28,Porites,Br,16.2,1.4,1,Acropora,Br,10,1.5,-10,0.3,-0.6
2013-02-28,Porites,Br,16.2,1.4,2,Acropora,Br,5.666666667,2,5,-0.5,-0.4
2013-02-28,Porites,Br,16.2,1.4,3,Acropora,Br,3,4,-5.5,0.2,-0.3
2013-02-28,Porites,Br,16.2,1.4,4,Porites,Ma,13.33333333,20,3,1.4,0.5
2013-02-28,Porites,Br,16.2,1.4,5,Montipora,Br,6,7,-1,-1,-0.3
2013-02-28,Psammocora,Br,14.53333333,1.7,1,Porites,Ma,51.66666667,56,7,6,0.9
2013-02-28,Porites,Br,23.1,1.5,1,Montipora,Br,9.166666667,9.5,-2.5,-0.4,-0.2
2013-02-28,Porites,Br,23.1,1.5,2,Porites,Ma,40,9,-5,0.5,0.3
2013-02-28,Porites,Br,23.1,1.5,3,Porites,Ma,4.5,6,-2,0.9,0.5
2013-02-28,Porites,Br,23.1,1.5,4,Pocillopora,S.Br,7.5,7,-4,0,-0.6
2013-02-28,Porites,Br,23.1,1.5,5,Montipora,Br,6.5,4.5,-2,0,-0.3
2013-02-28,Montipora,En,12.03333333,1.3,1,Porites,Ma,17.83333333,4.5,3,2.4,0.6
2013-02-28,Montipora,Br,15.86666667,1.4,1,Porites,Ma,15,11,12,2.1,0.4
2013-02-28,Montipora,Br,15.86666667,1.4,2,Pocillopora,S.Br,10.5,2.5,14,0,-0.5
2013-02-28,Montipora,En,38.53333333,1.5,1,Echinopora,Fol,20,13,0,-1.3,-1.2
2013-02-28,Montipora,En,38.53333333,1.5,2,Montipora,En,18,9.5,0,-1.9,-1.2
2013-02-28,Montipora,En,38.53333333,1.5,3,Acropora,Br,20.33333333,9,6,1,0.4
2013-02-28,Montipora,En,38.53333333,1.5,4,Acropora,Br,11.16666667,33,4.5,0,0.6
2013-02-28,Montipora,En,38.53333333,1.5,5,Acropora,Br,12.66666667,15,4.5,0.5,0.8
2013-02-28,Acropora,Br,23.1,1.5,1,Montipora,Br,14.66666667,23,-12,0.8,0.5
2013-02-28,Acropora,Br,23.1,1.5,2,Porites,Ma,11.66666667,10,-14,0.7,0.5
2013-02-28,Acropora,Br,23.1,1.5,3,Pocillopora,S.Br,8.333333333,15,-10,0,-0.6
2013-02-28,Acropora,Br,23.1,1.5,4,Acropora,Br,20,1,0,0.2,0
2013-02-28,Porites,Ma,18.86666667,1.4,1,Porites,Br,14.16666667,15.5,1.5,-1.1,0
2013-02-28,Porites,Ma,18.86666667,1.4,2,Porites,Br,8.333333333,7,-4.5,0,0.2
2013-02-28,Montipora,En,21.53333333,1.5,1,Porites,Ma,2.933333333,10,-8,2.3,0.3
2013-02-28,Montipora,En,21.53333333,1.5,2,Porites,Ma,7.333333333,4.5,-5,0.5,0.4
2013-02-28,Montipora,En,21.53333333,1.5,3,Porites,Ma,11,18,6,2.5,0.6
2013-02-28,Montipora,En,21.53333333,1.5,4,Acropora,Br,15,11,10,5.5,0.7
2013-02-28,Psammocora,Br,9.1,1.4,1,Acropora,Br,4.5,6,0.5,1,0.2
2013-02-28,Psammocora,Br,9.1,1.4,2,Porites,Ma,31,6,6,2.6,0.2
2013-02-28,Montipora,En,12.93333333,1.4,1,Acropora,Br,5.5,12,4.5,3.4,0.6
2013-02-28,Montipora,En,23.7,1.4,1,Acropora,Br,5.5,2,-15,0,-0.3
2013-02-28,Montipora,En,23.7,1.4,2,Psammocora,Fol,11.83333333,20,0,-0.2,-0.3
2013-02-28,Montipora,En,23.7,1.4,3,Psammocora,Fol,5.5,4.5,0.5,0,0.5
2013-02-28,Montipora,En,23.7,1.4,4,Porites,Ma,4.333333333,2.5,0,0.3,0.4
2013-02-28,Montipora,En,23.7,1.4,5,Porites,Ma,6,10,-1,0.5,0.3
2013-02-28,Acropora,Br,7.133333333,1.3,1,Psammocora,Fol,9.333333333,3,1.5,0,0.4
2013-02-28,Porites,Ma,71,1.8,1,Acropora,Br,80,200,21,-15,-0.4
2013-02-28,Porites,Ma,39.86666667,2.5,1,Acropora,Br,28,13,21,-3.8,-0.5
2013-02-28,Montipora,En,9.533333333,1.5,1,Millepora,Br,13.33333333,10,0,0.2,0
2013-02-28,Montipora,En,9.533333333,1.5,2,Porites,Ma,36,32,14,1.1,0.4
2013-02-28,Acropora,Br,7.4,1.3,1,Porites,Ma,4.5,6,-4.5,2.1,0.4
2013-02-28,Acropora,Br,7.4,1.3,2,Porites,Ma,3.833333333,4,-1.5,1,0
2013-02-28,Acropora,Br,4.3,1.3,1,Porites,Ma,13.16666667,5,2.5,1,0.1
2013-02-28,Acropora,Br,4.3,1.3,2,Montipora,Br,2.666666667,3,-1.5,0,0.6
2013-02-28,Montipora,En,50.46666667,1.6,1,Porites,Ma,13,33,-1.7,9.5,0.6
2013-02-28,Montipora,En,50.46666667,1.6,2,Hydnophora,Br,26.33333333,0.5,-12,0,0.2
2013-02-28,Montipora,En,50.46666667,1.6,3,Porites,Ma,25.83333333,50,0,5.5,0.2
2013-02-28,Montipora,En,50.46666667,1.6,4,Acropora,Br,4,11,-8,-0.5,-0.4
2013-02-28,Montipora,En,50.46666667,1.6,5,Montipora,En,4.666666667,13,-20,-0.3,-0.2
2013-02-28,Montipora,En,50.46666667,1.6,6,Acropora,Br,14.66666667,32,4,3,0.5
2013-02-28,Montipora,En,50.46666667,1.6,7,Pocillopora,S.Br,12.33333333,21,-9,0.3,0.4
2013-02-28,Acropora,Br,18.96666667,1.4,1,Merulina,En,16.83333333,30,0,2.6,0.6
2013-02-28,Acropora,Br,23.6,1.4,1,Acropora,Br,22,0.5,-5,0.2,0.2
2013-02-28,Porites,Ma,18.96666667,1.6,1,Porites,Ma,32.16666667,16,-11,2.2,0.4
2013-02-28,Montipora,Br,14.83333333,1.8,1,Acropora,Br,11.83333333,11,4,0.3,-0.1
2013-02-28,Montipora,En,15.56666667,1.2,1,Porites,Ma,9.333333333,15,1,3.5,0.6
2013-02-28,Montipora,En,15.56666667,1.2,2,Montipora,Br,2.5,5.5,-1.5,0.9,0.5
2013-02-28,Montipora,En,15.56666667,1.2,3,Porites,Ma,1,4.5,0,1,0.4
2013-02-28,Montipora,En,15.56666667,1.2,4,Montipora,Br,2.333333333,1.5,0.5,0.2,0.4
2013-02-28,Montipora,En,15.56666667,1.2,5,Acropora,Br,14.33333333,3.5,5,1.5,0.5
2013-02-28,Porites,Ma,12.13333333,1.1,1,Montipora,Br,40.66666667,22,10,0,0.8
2013-02-28,Acropora,Br,24.3,1.2,1,Porites,Ma,20.66666667,62,9,1.5,0.4
2013-02-28,Montipora,En,12.83333333,1.2,1,Montipora,En,26.66666667,28,6,2.1,0.4
2013-02-28,Acropora,Br,5.633333333,1.2,1,Acropora,Br,2,2,-1,-0.2,-0.1
2013-02-28,Acropora,Br,5.633333333,1.2,2,Porites,Ma,5,5,1.5,1.1,0.2
2013-02-28,Porites,Ma,6.133333333,1.2,1,Porites,Ma,12.33333333,0.5,4,0.6,0
2013-02-28,Porites,Ma,9.366666667,1,1,Porites,Ma,5,6,5,0.4,0
2013-02-28,Montipora,En,15.86666667,1,1,Montipora,En,1.533333333,3.5,-2,0.2,0.3
2013-02-28,Montipora,En,15.86666667,1,2,Acropora,Br,14,15,6,2.1,0.5
2013-02-28,Montipora,En,15.86666667,1,3,Pocillopora,S.Br,11,14,-4,0.5,-0.1
2013-03-05,Millepora,Br,52.8,1.9,1,Porites,Ma,42,44,18,12.2,0
2013-03-05,Millepora,Br,52.8,1.9,2,Acropora,Br,32.33333333,49,5,-0.1,-0.1
2013-03-05,Millepora,Br,52.8,1.9,3,Porites,Ma,25.33333333,14,-5,7.4,0
2013-03-05,Millepora,Br,52.8,1.9,4,Acropora,Br,5.333333333,8,-34,0.2,-0.1
2013-03-05,Millepora,Br,52.8,1.9,5,Acropora,Br,8.666666667,4,-44,0.3,0
2013-03-05,Millepora,Br,4.733333333,1.9,1,Acropora,Br,32.33333333,9,22,0.2,0
2013-03-05,Millepora,Br,4.733333333,1.9,2,Porites,Ma,25.33333333,3,5,0.7,0
2013-03-05,Porites,Ma,184.3333333,2.5,1,Acropora,Br,15.66666667,44,-50,-5.6,0
2013-03-05,Porites,Ma,184.3333333,2.5,2,Acropora,Br,15,10,-60,-1.5,-0.3
2013-03-05,Porites,Ma,184.3333333,2.5,3,Acropora,Br,18.33333333,25,-80,-3,-0.5
2013-03-05,Porites,Ma,184.3333333,2.5,4,Montipora,Br,2.5,4,-75,-0.7,0
2013-03-05,Porites,Ma,184.3333333,2.5,5,Acropora,Br,1.666666667,6,-75,0,0
2013-03-05,Porites,Ma,184.3333333,2.5,6,Acropora,Br,6.333333333,9,-80,-0.7,-0.4
2013-03-05,Porites,Ma,184.3333333,2.5,7,Montipora,Br,3.5,11,-100,-0.5,-0.3
2013-03-05,Porites,Ma,184.3333333,2.5,8,Acropora,Br,6.333333333,21,-100,-0.8,-0.5
2013-03-05,Porites,Ma,184.3333333,2.5,9,Acropora,Br,3,6,-110,-0.6,-0.3
2013-03-05,Porites,Ma,184.3333333,2.5,10,Acropora,Br,2.833333333,9,-110,-0.5,-0.2
2013-03-05,Porites,Ma,184.3333333,2.5,11,Acropora,Br,5.833333333,15.5,-40,-0.8,-0.9
2013-03-05,Porites,Ma,184.3333333,2.5,12,Acropora,Br,2.666666667,10,-40,0,-1
2013-03-05,Acropora,Br,23.5,1,1,Pocillopora,S.Br,5,7,1,0,0.9
2013-03-05,Acropora,Br,23.5,1,2,Porites,Ma,16.5,10,6,0.7,0.8
2013-03-05,Acropora,Br,16.9,1,1,Porites,Ma,146.6666667,4,-10,1.6,0.9
2013-03-05,Acropora,Br,16.9,1,2,Porites,Br,9.333333333,11,-6,1,0.5
2013-03-05,Pocillopora,S.Br,8.566666667,1,1,Acropora,Br,10,11,6,0,0.7
2013-03-05,Pocillopora,S.Br,8.566666667,1,2,Acropora,Br,3.333333333,2,-0.5,0,0.5
2013-03-05,Pocillopora,S.Br,8.566666667,1,3,Porites,Br,3.166666667,2.5,-7,0,0.2
2013-03-05,Montipora,En,5.833333333,1,1,Porites,Ma,1,2,0,0.5,0.3
2013-03-05,Montipora,En,5.833333333,1,2,Porites,Ma,4.5,3.5,4,0.5,0.3
2013-03-05,Montipora,En,5.833333333,1,3,Porites,Ma,9.5,8,1,1.4,0.5
2013-03-05,Montipora,En,22.46666667,1,1,Montipora,Br,2.333333333,3.5,-10,0.5,0.3
2013-03-05,Montipora,En,22.46666667,1,2,Porites,Ma,6.333333333,5,2,1,0.7
2013-03-05,Montipora,En,22.46666667,1,3,Porites,Ma,3.166666667,5.5,1,1,0.6
2013-03-05,Montipora,En,22.46666667,1,4,Porites,Ma,4.333333333,4,6,0.9,0.7
2013-03-05,Montipora,En,22.46666667,1,5,Montipora,Br,4.333333333,0.5,0,0.4,0.5
2013-03-05,Montipora,En,22.46666667,1,6,Porites,Ma,11.66666667,5,0,1.3,0.9
2013-03-05,Montipora,En,22.46666667,1,7,Porites,Ma,2.333333333,2,-2,0.6,0.6
2013-03-05,Montipora,En,22.46666667,1,8,Porites,Ma,3.5,4.5,-10,1,0.7
2013-03-05,Montipora,En,22.46666667,1,9,Porites,Ma,15,28,-10,1.6,0.7
2013-03-05,Montipora,En,9.2,1.4,1,Porites,Ma,35.33333333,15,0,2.7,0.3
2013-03-05,Acropora,Br,29.73333333,1.4,1,Porites,Ma,8.333333333,8,-13,0,1
2013-03-05,Acropora,Br,29.73333333,1.4,2,Porites,Ma,12,18,0,3.9,1
2013-03-05,Acropora,Br,29.73333333,1.4,3,Porites,Ma,47,24,0,0.7,0.8
2013-03-05,Montipora,En,15.3,1.1,1,Porites,Ma,13,5,1,1.8,0.4
2013-03-05,Montipora,En,15.3,1.1,2,Porites,Ma,11.33333333,21,1.5,2.2,3.5
2013-03-05,Montipora,En,15.3,1.1,3,Acropora,Br,4.166666667,6,-5,1.4,0.6
2013-03-05,Acropora,Br,23.5,1.1,1,Montipora,En,36,13,2,1.2,0.5
2013-03-05,Montipora,En,24.53333333,1.3,1,Montipora,En,8.833333333,9,-3,2.8,0
2013-03-05,Montipora,En,24.53333333,1.3,2,Porites,Ma,15,15,-5,1.9,0
2013-03-05,Montipora,En,24.53333333,1.3,3,Montipora,En,9.5,7,8,0,0
2013-03-05,Lobophyllia,Ma,21.7,1.2,1,Porites,Ma,28.66666667,44,2,0,2.1
2013-03-05,Lobophyllia,Ma,21.7,1.2,2,Montipora,En,7.333333333,8,-10,0,2.3
2013-03-05,Porites,Ma,12.1,1.2,1,Acropora,Br,24.66666667,7,6,1.7,0.2
2013-03-05,Porites,Ma,12.1,1.2,2,Montipora,En,11.66666667,8,-4,-4,-0.5
2013-03-05,Porites,Ma,12.1,1.2,3,Porites,Ma,8.5,4,1,0,0.2
2013-03-05,Acropora,Br,29.66666667,1.6,1,Porites,Ma,18.66666667,15,-9,0,1.6
2013-03-05,Acropora,Br,12.7,1,1,Porites,Ma,47,7,-20,0.6,0.5
2013-03-05,Porites,Ma,44.4,2.3,1,Acropora,Br,18.83333333,15.5,-3,-3.3,-1.3
2013-03-05,Porites,Ma,44.4,2.3,2,Acropora,Br,35.33333333,16,20,-2.3,-0.6
2013-03-05,Acropora,Br,16.9,1.8,1,Porites,Ma,21.33333333,11,-3,0.8,0
2013-03-05,Porites,Ma,26.26666667,2,1,Acropora,Br,9,4,-22,-0.5,-0.3
2013-03-05,Porites,Ma,26.26666667,2,2,Acropora,Br,31,14,0,-1.3,-0.2
2013-03-05,Porites,Ma,26.26666667,2,3,Acropora,Br,15.33333333,15,0,-0.7,-0.8
2013-03-05,Porites,Ma,26.26666667,2,4,Acropora,Br,23.33333333,8,2,-1.3,-0.4
2013-03-05,Montipora,En,36.13333333,1.9,1,Porites,Ma,12.16666667,18,11,3,-0.5
2013-03-05,Montipora,En,36.13333333,1.9,2,Porites,Ma,18.33333333,21,-3,12.1,-0.5
2013-03-05,Montipora,En,36.13333333,1.9,3,Acropora,Br,21.66666667,4,-20,-1.3,-0.5
2013-03-05,Montipora,En,36.13333333,1.9,4,Porites,Ma,3,7,-25,1,0
2013-03-05,Acropora,Br,12.03333333,2.4,1,Porites,Ma,7.666666667,0.5,-3,0.5,0.3
2013-03-05,Porites,Ma,23.36666667,1.9,1,Montipora,En,26,80,-3,-12,-0.5
2013-03-05,Porites,Ma,23.36666667,1.9,2,Acropora,Br,11,10,-18,-1.7,-0.3
2013-03-05,Pocillopora,S.Br,9.1,1.7,1,Acropora,Br,9.166666667,3.5,13,0,0.7
2013-03-05,Pocillopora,S.Br,9.1,1.7,2,Porites,Ma,16.16666667,11,-4,2.1,0.7
2013-03-05,Porites,Ma,111.9,1.7,1,Acropora,Br,13.33333333,16,-20,-3.6,-0.2
2013-03-05,Porites,Ma,111.9,1.7,2,Acropora,Br,8.333333333,17,-20,-3.1,-0.5
2013-03-05,Porites,Ma,111.9,1.7,3,Acropora,Br,14,24,-8,-3.7,-1.2
2013-03-05,Porites,Ma,111.9,1.7,4,Acropora,Br,12.83333333,15,-8,-2.5,-1.3
2013-03-05,Porites,Ma,111.9,1.7,5,Acropora,Br,16.5,14,0,-2.5,-0.8
2013-03-05,Porites,Ma,111.9,1.7,6,Acropora,Br,20,16,0,-2.5,-0.6
2013-03-05,Porites,Ma,111.9,1.7,7,Acropora,Br,5.166666667,15,0,-1.4,-0.3
2013-03-05,Porites,Ma,111.9,1.7,8,Acropora,Br,5.333333333,3,-1,-0.8,-0.5
2013-03-05,Porites,Ma,111.9,1.7,9,Acropora,Br,16,18,5,-2.3,-0.3
2013-03-05,Porites,Ma,111.9,1.7,10,Acropora,Br,12.33333333,12,5,-1.4,-0.4
2013-03-05,Porites,Ma,111.9,1.7,11,Acropora,Br,3.333333333,3,-5,0,-0.3
2013-03-05,Porites,Ma,111.9,1.7,12,Porites,Br,2.666666667,4,-2,-1,-0.4
2013-03-05,Porites,Ma,111.9,1.7,13,Porites,Ma,67.66666667,43,0,0.4,0
2013-03-05,Porites,Ma,111.9,1.7,14,Acropora,Br,8.666666667,12,-65,-0.8,0
2013-03-05,Montipora,Br,16.4,1.7,1,Acropora,Br,25,5,8,-0.3,-0.4
2013-03-05,Montipora,Br,16.4,1.7,2,Neopetrosia,En,38,6,14,0.9,0
2013-03-05,Montipora,En,29.76666667,1.2,1,Porites,Br,12,6,2,1.4,5.5
2013-03-05,Montipora,En,29.76666667,1.2,2,Acropora,Br,19.66666667,21,10,1.4,0.5
2013-03-05,Montipora,En,29.76666667,1.2,3,Montipora,Br,5,4,0,1,0.8
2013-03-05,Montipora,En,29.76666667,1.2,4,Montipora,Br,10,12,-2,1.5,0.4
2013-03-05,Montipora,En,29.76666667,1.2,5,Acropora,Br,2,4,-4,0.8,0.5
2013-03-05,Montipora,En,14.43333333,1.2,1,Porites,Ma,10.33333333,20,5,6,0.4
2013-03-05,Montipora,En,14.43333333,1.2,2,Acropora,Br,9.333333333,13,-2,1.2,0.4
2013-03-05,Montipora,En,14.43333333,1.2,3,Porites,Ma,1.666666667,2.5,1.5,0.7,0.6
2013-04-03,Porites,Ma,18.1,2.2,1,Millepora,Br,4.466666667,1.2,-5,-0.6,0.2
2013-04-03,Porites,Ma,18.1,2.2,2,Millepora,Br,4.4,1.4,-1.5,0.3,0.3
2013-04-03,Acropora,Br,33.83333333,1.7,1,Porites,Ma,13.06666667,4.9,-8.7,1.4,0.7
2013-04-03,Porites,Ma,53.13333333,2.1,1,Acropora,Br,8.433333333,2.2,3.1,-1.3,-0.5
2013-04-03,Porites,Ma,53.13333333,2.1,2,Montipora,En,11.43333333,8.3,-5.3,-3.8,-0.3
2013-04-03,Porites,Ma,53.13333333,2.1,3,Montipora,En,10.63333333,9.2,0,-3.2,-0.4
2013-04-03,Porites,Ma,53.13333333,2.1,4,Acropora,Br,5.9,4.5,0,-0.4,-0.3
2013-04-03,Porites,Ma,53.13333333,2.1,5,Acropora,Br,6.066666667,0.6,-1.8,-0.4,-0.2
2013-04-03,Porites,Ma,53.13333333,2.1,6,Montipora,Br,3.066666667,1.6,-4.7,-0.5,-0.4
2013-04-03,Porites,Ma,53.13333333,2.1,7,Porites,Br,2.666666667,3.4,-6,-0.9,-0.3
2013-04-03,Porites,Ma,53.13333333,2.1,8,Acropora,Br,4.333333333,0.4,-3.7,-0.4,-0.1
2013-04-03,Porites,Ma,53.13333333,2.1,9,Acropora,Br,4.4,0.8,-10.7,-0.8,-0.4
2013-04-03,Porites,Ma,53.13333333,2.1,10,Lobophora,En,9.033333333,24,-11.3,-3.4,0
2013-04-03,Porites,Ma,53.13333333,2.1,1,Lobophora,En,12.43333333,34,-2.8,-7.2,0
2013-04-03,Echinopora,Fol,24.76666667,2.6,1,Acropora,Br,3.433333333,2,-21.3,0.6,0.9
2013-04-03,Echinopora,Fol,24.76666667,2.6,2,Acropora,Br,9.666666667,1.6,-1.3,0,0.5
2013-04-03,Echinopora,Fol,24.76666667,2.6,3,Acropora,Br,30.63333333,27,19,5.9,1.6
2013-04-03,Millepora,Br,72.1,1.6,1,Acropora,Br,23.4,24,-7,0.4,-0.2
2013-04-03,Millepora,Br,72.1,1.6,2,Acropora,Br,4.566666667,1.1,-4.5,0.2,-0.2
2013-04-03,Millepora,Br,72.1,1.6,3,Acropora,Br,21.66666667,1.6,-1,-1.1,-0.7
2013-04-03,Millepora,Br,72.1,1.6,4,Porites,Ma,27.1,68,-39.7,8,0
2013-04-03,Millepora,Br,72.1,1.6,5,Acropora,Br,19.73333333,12.4,-39.7,-0.2,-0.7
2013-04-03,Millepora,Br,72.1,1.6,6,Acropora,Tab,58.66666667,54,-45,0,-0.7
2013-04-03,Millepora,Br,72.1,1.6,7,Acropora,Br,21.9,14.1,4.3,0.5,-0.3
2013-04-03,Millepora,Br,72.1,1.6,8,Pocillopora,Br,13.43333333,37.5,4.8,1.6,-0.3
2013-04-03,Millepora,Br,72.1,1.6,9,Acropora,Br,4.1,2.9,-9.3,0,-0.2
2013-04-03,Millepora,Br,72.1,1.6,10,Acropora,Br,23.06666667,4.9,3.4,-0.3,-0.3
2013-04-03,Palythoa,En,10.2,3.4,1,Palythoa,En,7.566666667,2.7,2,0.4,0
2013-04-03,Palythoa,En,10.2,3.4,2,Cliona,Ma,19.4,31,0.5,6.5,0
2013-04-03,Montipora,En,11.16666667,3.4,1,Acanthastrea,Ma,7.033333333,5.9,-4.5,0,-0.8
2013-04-03,Porites,Ma,8.033333333,3.3,1,Pocillopora,Br,4.833333333,3.7,-3,-0.9,-0.6
2013-04-03,Montipora,En,14.53333333,3,1,Porites,Ma,3.933333333,2.3,-8.3,0.8,0.2
2013-04-03,Montipora,En,14.53333333,3,2,Pavona,En,12.46666667,5.5,0,-1.2,-0.6
2013-04-03,Pocillopora,Br,4.5,3.1,1,Montipora,En,4.9,3.4,-0.7,0,0.4
2013-04-03,Pocillopora,Br,4.5,3.1,2,Favia,Ma,8.8,1.6,-1.4,0,0.5
2013-04-03,Montipora,Br,11.53333333,3,1,Porites,Br,6.433333333,5.2,0.9,0.4,2
2013-04-03,Pocillopora,Br,14.56666667,2.5,1,Acropora,Br,15.7,1.2,9.5,0,0.8
2013-04-03,Pocillopora,Br,14.56666667,2.5,2,Acropora,Br,18.33333333,2.7,7.1,-1,0.5
2013-04-03,Porites,Br,4.033333333,2.7,1,Montipora,En,3.066666667,1.7,-2.7,-0.5,-0.3
2013-04-03,Porites,Br,4.033333333,2.7,2,Porites,Ma,4.633333333,0.9,-2.5,0.3,0
2013-04-03,Montipora,En,12.46666667,3.1,1,Seriatopora,Br,10,1.9,-5.2,0,-0.3
2013-04-03,Montipora,En,12.46666667,3.1,2,Favia,Ma,2.733333333,3.4,-2,0.5,0.6
2013-04-03,Pocillopora,Br,14.5,3.1,1,Porites,Ma,12.46666667,3.1,-7.5,0,0.9
2013-04-03,Pocillopora,Br,14.5,3.1,2,Montipora,En,24.33333333,29,7.2,-1.2,0.7
2013-04-03,Montipora,En,7.966666667,3.2,1,Porites,S.Br,4.1,1.8,-1,0.7,0.2
2013-04-03,Acropora,Br,10.73333333,3,1,Galaxea,Ma,6.4,1,-1.3,0.5,0.7
2013-04-03,Montipora,En,11.2,3.5,1,Montipora,En,12.56666667,6.3,4,0.6,-0.4
2013-04-03,Pocillopora,S.Br,3.433333333,2.9,1,Acropora,Br,3.733333333,1.9,2.5,0,0.5
2013-05-14,Montipora,En,17.83333333,3,1,Porites,Br,12.56666667,6.5,-6.5,1.6,0.5
2013-05-14,Montipora,En,17.83333333,3,2,Porites,Br,31.1,8.9,2.6,1.5,0.4
2013-05-14,Acropora,Br,19.66666667,2.7,1,Montipora,Br,11.93333333,11.7,-1.8,0.6,0.3
2013-05-14,Acropora,Br,19.66666667,2.7,2,Porites,Br,11.83333333,3.2,-5.7,1,0.6
2013-05-14,Montipora,En,16.4,3.2,1,Echinopora,En,11.63333333,2.9,3.9,-1.3,-0.6
2013-05-14,Pocillopora,Br,7.133333333,3,1,Acropora,Br,2.866666667,3,-1.3,0,0.4
2013-05-14,Pocillopora,Br,2.166666667,3,1,Acropora,Br,4.866666667,0.5,5.2,0,0.5
2013-05-14,Montipora,En,27.03333333,3.2,1,Favia,Ma,8.066666667,6.8,-0.8,0,0.5
2013-05-14,Montipora,En,27.03333333,3.2,2,Favia,Ma,4.1,3.7,-4.7,0.6,0.7
2013-05-14,Montipora,En,27.03333333,3.2,3,Montipora,En,2.433333333,1.9,-6.5,0.6,0.3
2013-05-14,Acropora,Br,14.06666667,3,1,Sarcophyton,Tab,6.566666667,5.9,-2.7,0,-0.4
2013-05-14,Acropora,Br,14.06666667,3,2,Porites,Br,3.3,0.5,-4.1,0,-0.6
2013-05-14,Acropora,Br,14.06666667,3,3,Porites,Br,7.833333333,3.5,-4.3,-0.7,-0.6
2013-05-14,Acropora,Br,13.8,2.9,1,Seriatopora,Br,9.566666667,6.3,-6.3,0.4,0.5
2013-05-14,Acropora,Br,13.8,2.9,2,Porites,Br,9.9,4.7,-4.5,0.6,-0.1
2013-05-14,Acropora,Br,14.9,2.6,1,Stylophora,S.Br,25.03333333,7.1,-5.2,0.4,0.9
2013-05-14,Acropora,Br,15.4,2.5,1,Acropora,Br,12.36666667,1.2,6.8,0.7,0.4
2013-05-14,Acropora,Br,15.4,2.5,2,Acropora,Br,13.4,0.9,2.4,0.7,0.7
2013-05-14,Acropora,Br,15.4,2.5,3,Acropora,Br,10.43333333,7,-7,0.8,0
2013-05-14,Seriatopora,Br,14.7,2.6,1,Acropora,Br,8.533333333,1.8,-1.6,-0.3,-0.5
2013-05-14,Seriatopora,Br,14.7,2.6,2,Acropora,Br,20.23333333,0.7,5.4,0,-0.9
2013-05-14,Seriatopora,Br,14.7,2.6,3,Acropora,Br,21.16666667,2.3,0,0,-0.5
2013-05-14,Acropora,Tab,17.4,2.6,1,Acropora,Br,22.2,2.5,4,0,0.5
2013-05-14,Porites,Br,5.9,2.7,1,Acropora,Br,5.966666667,5.3,1.3,0.5,0.4
2013-05-14,Porites,Br,7.066666667,2.7,1,Acropora,Br,4.1,3.2,-1.2,0.8,0.7
2013-05-14,Montipora,En,5.766666667,2.7,1,Acropora,Br,13.9,4.3,9.4,0.2,0.7
2013-05-14,Montipora,En,16.13333333,2.7,1,Acropora,Br,5.066666667,8.3,-2.7,0.4,0.6
2013-05-14,Montipora,En,16.13333333,2.7,2,Acropora,Br,2.933333333,0.9,-2.5,0,1.1
2013-05-14,Montipora,En,16.13333333,2.7,3,Acropora,Br,16.23333333,1,4,1.1,0.4
2013-05-14,Montipora,En,16.63333333,3.2,1,Montipora,En,8.8,2.4,0.2,0.5,0.4
2013-05-14,Acropora,Br,7.133333333,3.3,1,Montipora,En,8.9,2.6,0.3,0.5,0.4
2013-05-14,Seriatopora,Br,11.66666667,3.3,1,Porites,Br,4.733333333,8,2.3,-0.5,0.1
2013-05-14,Seriatopora,Br,11.66666667,3.3,2,Porites,Br,3.633333333,7,0,0.2,-0.2
2013-05-14,Acropora,Br,12.56666667,3.3,1,Porites,Br,10.2,7.4,-2.7,0.4,0.5
2013-05-14,Montipora,Br,7.466666667,3.3,1,Porites,Br,10.2,4.2,2,1.2,0.4
2013-06-04,Montipora,En,22.56666667,4.7,1,Montipora,En,19.03333333,16.8,-4.3,-0.4,-0.3
2013-06-04,Montipora,En,22.56666667,4.7,2,Montipora,En,22.9,13.1,-8.9,0.6,0.3
2013-06-04,Montipora,En,22.56666667,4.7,3,Montipora,En,21.06666667,28.5,-3.9,-1.1,-0.4
2013-06-04,Montipora,En,25.2,4.7,1,Acropora,Br,10.66666667,6.5,0.7,1.1,0.4
2013-06-04,Montipora,En,25.2,4.7,2,Montipora,En,19.36666667,14.8,17.8,-1,-0.8
2013-06-04,Montipora,En,25.2,4.7,3,Porites,Ma,2.166666667,2.4,-2.1,0.8,0.5
2013-06-04,Acropora,Br,1.766666667,4.7,1,Montipora,En,24.03333333,2.8,1.6,-1.1,-0.3
2013-06-04,Montipora,En,15.46666667,4.7,1,Favia,Ma,9.533333333,8.6,-1.7,3,0.7
2013-06-04,Montipora,En,15.46666667,4.7,2,Montipora,En,15.73333333,10.6,0,0.1,-0.2
2013-06-04,Pocillopora,Br,18.93333333,4.5,1,Acropora,Br,10.63333333,9.2,0.6,0,1
2013-06-04,Porites,Ma,28.96666667,4.7,1,Pocillopora,Br,9.9,15.4,0.4,-2.2,-0.7
2013-06-04,Porites,Ma,28.96666667,4.7,2,Acropora,Br,7.933333333,7.6,2.5,-1.2,-0.6
2013-06-04,Millepora,Br,1.366666667,4.7,1,Montipora,En,5.333333333,0.3,0.9,-0.3,-0.4
2013-06-04,Pocillopora,Br,3.366666667,4.2,1,Montipora,En,18.4,1.8,8,0,0.3
2013-06-04,Pocillopora,Br,3.366666667,4.2,2,Montipora,En,11,3.7,8.3,0,0.4
2013-06-04,Acropora,Br,6.566666667,3.9,1,Favia,Ma,11.76666667,3.9,-2.5,0,-0.9
2013-06-04,Montipora,En,29.16666667,3.6,1,Favia,Ma,5.133333333,11.2,-6.1,0,-1.9
2013-06-04,Montipora,En,29.16666667,3.6,2,Acropora,Br,1.666666667,1.1,-11.9,0.2,0.3
2013-06-04,Montipora,En,29.16666667,3.6,3,Acropora,Br,16.23333333,13.2,5.3,1.3,0.5
2013-06-04,Montipora,En,27.73333333,3.3,1,Acropora,Br,9.333333333,7.2,3.5,2.1,0.3
2013-06-04,Montipora,En,27.73333333,3.3,2,Acropora,Br,8.833333333,9.1,1.4,5.1,0.5
2013-06-04,Montipora,En,27.73333333,3.3,3,Acropora,Br,10.3,4.8,3.5,2.4,0.4
2013-06-04,Montipora,En,27.73333333,3.3,4,Acropora,Br,6.2,4.3,1.6,0.9,0.6
2013-06-04,Montipora,En,27.73333333,3.3,5,Acropora,Br,19.63333333,7.4,5.8,1.4,1
2013-06-04,Acropora,Br,6.5,2.3,1,Acropora,Br,5.966666667,1.2,-1.4,0.3,-0.2
2013-06-04,Acropora,Br,6.5,2.3,2,Acropora,Br,4.1,1.7,-1.5,0.1,0
2013-06-04,Acropora,Br,1.133333333,2.3,1,Acropora,Br,3.3,1.8,2.1,-0.6,0
2013-06-04,Acropora,Br,1.133333333,2.3,2,Montipora,En,4.966666667,1.6,2.4,-0.1,-0.3
2013-06-04,Porites,Br,2.433333333,2.4,1,Acropora,Br,3.9,0.8,1,-0.2,-0.3
2013-06-04,Porites,Br,2.433333333,2.4,2,Porites,Br,0.966666667,0.6,-0.9,0,0.3
2013-06-04,Montipora,En,5.1,2.4,1,Acropora,Br,3.2,0.9,-0.2,0.3,0.2
2013-06-04,Montipora,En,5.1,2.4,2,Acropora,Br,5.266666667,3,1.6,1,0.7
2013-06-04,Montipora,En,5.1,2.4,3,Acropora,Br,6.933333333,0.5,2.1,0,0.4
2013-06-04,Acropora,Br,4.366666667,2.4,1,Montipora,En,5.2,3,-1.5,-0.6,-0.4
2013-06-04,Acropora,Br,4.366666667,2.4,2,Montipora,En,6.333333333,0.6,-1.1,-0.2,-0.2
2013-06-04,Acropora,Br,12.03333333,2.2,1,Montipora,Fol,6.2,4.7,-5.7,0.4,0.8
2013-06-04,Montipora,Fol,14.46666667,1.7,1,Acropora,Br,12.7,13.4,3.4,2.4,0.4
2013-06-04,Montipora,Fol,14.46666667,1.7,2,Acropora,Br,10.7,7.3,4.2,0,-0.5
2013-06-04,Montipora,Fol,12.33333333,1.7,1,Acropora,Br,10.7,4.3,6,0,-0.1
2013-06-04,Montipora,Fol,12.33333333,1.7,2,Montipora,Fol,10.76666667,7.3,1,-1.1,0
2013-06-04,Acropora,Br,17.76666667,1.7,1,Montipora,Fol,17.13333333,12.9,-2,-8.8,-0.4
2013-02-12,Montipora,En,25.96666667,3.9,1,Porites,Br,26.66666667,28,1,12,0.8
2013-02-12,Montipora,En,25.96666667,3.9,2,Montipora,En,24.66666667,31,-3,0.8,0.5
2013-02-12,Montipora,En,25.96666667,3.9,3,Montipora,En,21.33333333,30,2.5,0,1.9
2013-02-12,Montipora,En,25.96666667,3.9,4,Montipora,En,18.33333333,49,0,0,0.4
2013-02-12,Galaxea,Ma,7.3,4.4,1,Acropora,Br,4,3,-7,0.7,2.8
2013-02-12,Galaxea,Ma,7.3,4.4,2,Montipora,Br,16.66666667,21,18,1.8,5.6
2013-02-12,Millepora,Br,2.5,4.3,1,Pavona,En,4.5,9,0,1.4,0
2013-02-12,Acropora,Br,4.866666667,4.3,1,Pavona,En,5,4,-6,0,-1.3
2013-02-12,Acropora,Br,7.9,4.3,1,Pavona,En,4.333333333,6,-6.5,0,0.1
2013-02-12,Acropora,Br,7.9,4.3,2,Pavona,En,2.333333333,2.3,-5,0,0.7
2013-02-12,Merulina,Va,9.066666667,4.7,1,Montipora,Br,13.66666667,4,3,0,2.3
2013-02-12,Montipora,En,20.73333333,4.7,1,Galaxea,Ma,4.5,1,-5,0,-2.1
2013-02-12,Montipora,En,20.73333333,4.7,2,Montipora,Br,4,1,-4,0,0.6
2013-02-12,Montipora,En,38.36666667,4.7,1,Galaxea,Ma,10.66666667,8,-24,0,-2
2013-02-12,Montipora,En,38.36666667,4.7,2,Montipora,Br,16.33333333,11,-10,0.5,0.7
2013-02-12,Montipora,En,9.4,4.3,1,Favia,Ma,45.66666667,16,-8,0.5,-1.2
2013-02-12,Montipora,En,9.4,4.3,2,Favia,Ma,9,10,-9,0.6,1.4
2013-02-12,Montipora,En,34.6,4.3,1,Favia,Ma,53.33333333,53,-14,8.5,4
2013-02-12,Montipora,Col,10.83333333,4.3,1,Favia,Ma,53.33333333,7,-13,0,-2.2
2013-02-12,Montipora,Col,10.83333333,4.3,2,Galaxea,Ma,16.33333333,16,-5,0,-1.3
2013-02-12,Pocillopora,S.Br,11.8,4.3,1,Porites,Ma,10.66666667,12,2,0.6,0.7
2013-02-12,Pocillopora,S.Br,11.8,4.3,2,Acropora,Br,21.33333333,13,4,0,0.8
2013-02-12,Stylophora,S.Br,1.833333333,4.2,1,Acropora,Br,1.533333333,2,0,0,0.5
2013-02-12,Stylophora,S.Br,1.833333333,4.2,2,Acropora,Br,1.666666667,1.5,0,0,0.7
2013-02-12,Pocillopora,S.Br,5.833333333,4.2,1,Acropora,Br,5.5,5,0,0,0.6
2013-02-12,Pocillopora,S.Br,5.833333333,4.2,2,Favia,Ma,3,2,3,0.6,0.4
2013-02-12,Pocillopora,S.Br,4.433333333,4.1,1,Favia,Ma,61.33333333,5,7,0,0.8
2013-02-12,Acropora,Br,16.9,4.4,1,Favia,Ma,30.33333333,24,-8,1.5,1.1
2013-02-12,Acropora,Br,16.9,4.4,2,Favia,Ma,2.833333333,5,-13,0.4,0.9
2013-02-12,Galaxea,Ma,3.833333333,4.4,1,Favia,Ma,30.33333333,6,4,0,0.5
2013-02-12,Galaxea,Ma,3.833333333,4.4,2,Favia,Ma,10.33333333,3,7,0,1.6
2013-02-12,Montipora,En,23.16666667,4.1,1,Porites,Ma,5.666666667,24,5.5,0.5,0.8
2013-02-12,Montipora,En,23.16666667,4.1,2,Montipora,En,11.33333333,21,4,0.7,0
2013-02-12,Acropora,Br,8.633333333,4,1,Montipora,En,21.66666667,13,0,-0.6,-0.3
2013-02-12,Acropora,Br,3.533333333,4.1,1,Montipora,En,9.333333333,5,6,0.4,0.4
2013-02-12,Acropora,Br,3.533333333,4.1,2,Montipora,En,7.833333333,5,-2,0.2,0.3
2013-02-12,Montipora,En,5.766666667,4,1,Montipora,En,11.33333333,7,0,0,0.5
2013-02-12,Montipora,En,5.766666667,4,2,Psammocora,Br,11.66666667,9,6.5,-0.7,-0.2
2013-02-12,Montipora,En,5.766666667,4,3,Galaxea,Ma,21.33333333,7,17,0,-3
2013-02-12,Montipora,En,18.43333333,4.3,1,Psammocora,Br,37.66666667,28,-10,-1.6,-0.3
2013-02-12,Montipora,En,18.43333333,4.3,2,Leptastrea,Ma,7.666666667,11,-10,1.3,0.4
2013-02-12,Acropora,Br,10.9,4.1,1,Galaxea,Ma,24,6,4,0,-1.9
2013-02-12,Acropora,Br,10.9,4.1,2,Montipora,Br,27.33333333,20,7,2.1,1.6
2013-02-12,Acropora,Br,10.9,4.1,3,Montipora,Br,5.333333333,9,-3,2.1,1.6
2013-02-12,Acropora,Br,8.566666667,4,1,Acropora,Br,1.833333333,3.5,-6,0.4,0.8
2013-02-12,Montipora,En,26.86666667,3.6,1,Acropora,Br,1.766666667,2.5,-9,0.6,0.4
2013-02-12,Montipora,En,26.86666667,3.6,2,Pavona,En,4,3,-6,0.8,0
2013-02-12,Montipora,En,26.86666667,3.6,3,Galaxea,Ma,4,6,-9,0,-1.3
2013-02-12,Montipora,En,11.7,4,1,Montipora,Br,58,30,0,0.5,0.3
2013-02-12,Acropora,Br,10.36666667,4.1,1,Pavona,Fol,14.66666667,4,-7,0,0.5
2013-03-01,Montipora,En,17.76666667,4,1,Porites,Br,8.666666667,9,-2,2,0.8
2013-03-01,Montipora,En,17.76666667,4,2,Acropora,Br,11.66666667,4,5,0.7,0.4
2013-03-01,Montipora,En,17.76666667,4,3,Acropora,Br,10,3,3,2,0.8
2013-03-01,Montipora,En,17.76666667,4,4,Montipora,En,6,9,-7,0,0.5
2013-03-01,Montipora,En,8.333333333,4,1,Porites,Br,3.666666667,7,-3,1.3,0.8
2013-03-01,Montipora,En,46.83333333,4,1,Acropora,Br,11.33333333,11,0,8,0.9
2013-03-01,Montipora,En,46.83333333,4,2,Montipora,Br,18.33333333,6,0,4.8,1.1
2013-03-01,Montipora,En,46.83333333,4,3,Montipora,Br,16,20,-1,7.4,1.1
2013-03-01,Montipora,En,46.83333333,4,4,Acropora,Br,9.5,7,-4,3,1.3
2013-03-01,Montipora,En,46.83333333,4,5,Acropora,Br,26.33333333,4,12,2,0.8
2013-03-01,Galaxea,Ma,42.16666667,4.1,1,Acropora,Br,22,4,5,0.4,1.5
2013-03-01,Galaxea,Ma,42.16666667,4.1,2,Pavona,Fol,28.66666667,9,14,2.3,1.3
2013-03-01,Galaxea,Ma,42.16666667,4.1,3,Acropora,Br,17.33333333,4.5,9,0.5,2.3
2013-03-01,Montipora,En,31.23333333,4,1,Pavona,Fol,5.5,11,0,3.5,0.3
2013-03-01,Montipora,En,31.23333333,4,2,Montipora,Br,6.333333333,10,-3,4.6,0.6
2013-03-01,Montipora,En,31.23333333,4,3,Montipora,En,15.66666667,13,18,1.1,0
2013-03-01,Montipora,En,31.23333333,4,4,Porites,Br,13.66666667,19,0,3.5,0.8
2013-03-01,Montipora,En,31.23333333,4,5,Montipora,Br,5,4,0,0.8,0.5
2013-03-01,Montipora,En,31.23333333,4,6,Porites,Br,7.166666667,6,-2,2.6,1.1
2013-03-01,Galaxea,Ma,23.36666667,4.5,1,Montipora,En,26.33333333,23,-1,1.3,1.9
2013-03-01,Galaxea,Ma,23.36666667,4.5,2,Acropora,Br,15.66666667,5,-7,0,3.4
2013-03-01,Pavona,Fol,11.7,4.5,1,Montipora,Br,22.66666667,9,13,1.7,0.9
2013-03-01,Montipora,En,47.86666667,4.4,1,Porites,Br,8.166666667,0.5,-7,0,0.8
2013-03-01,Montipora,En,47.86666667,4.4,2,Porites,Br,12.5,9,-10,2.8,0.8
2013-03-01,Montipora,En,47.86666667,4.4,3,Montipora,Br,9.666666667,5,-9,1,0.5
2013-03-01,Montipora,En,47.86666667,4.4,4,Porites,Br,9.333333333,5.5,-13,2.2,1
2013-03-01,Montipora,En,47.86666667,4.4,5,Porites,Br,9.166666667,7,-5,2.8,0.5
2013-03-01,Montipora,En,47.86666667,4.4,6,Porites,Br,2.166666667,7,-10,2.3,0.6
2013-03-01,Montipora,En,47.86666667,4.4,7,Porites,Br,2.5,7,-15,0.9,0.4
2013-03-01,Montipora,En,47.86666667,4.4,8,Porites,Br,5.666666667,1.5,-7,0.4,0.4
2013-03-01,Montipora,En,47.86666667,4.4,9,Galaxea,Ma,6.666666667,5.5,-4,0,-1.5
2013-03-01,Montipora,En,47.86666667,4.4,10,Montipora,Br,13.66666667,0.5,1,1.5,0.6
2013-03-01,Merulina,Fol,24.36666667,4.5,1,Montipora,Br,19,1.5,10,0,2
2013-03-01,Merulina,Fol,24.36666667,4.5,2,Montipora,Br,24.33333333,2,6,0,2
2013-03-01,Acropora,Br,10.5,4.5,1,Montipora,Br,20.66666667,4.5,5,0.6,0.8
2013-03-01,Acropora,Br,10.5,4.5,2,Porites,Br,15.33333333,4,0,0,1.4
2013-03-01,Acropora,Br,10.5,4.5,3,Montipora,Br,53.33333333,5,4,0,1.2
2013-03-01,Galaxea,Ma,41.43333333,4.3,1,Montipora,Br,18,6,17,0.5,2.5
2013-03-01,Galaxea,Ma,41.43333333,4.3,2,Montipora,Br,19,13,-18,0.5,3.1
2013-03-01,Galaxea,Ma,41.43333333,4.3,3,Acropora,Br,8.333333333,5,-14,0,1.3
2013-03-01,Galaxea,Ma,41.43333333,4.3,4,Montipora,Br,9.666666667,2,-15,0,2.6
2013-03-01,Galaxea,Ma,41.43333333,4.3,5,Montipora,En,5.666666667,5,-15,0,2.4
2013-03-01,Galaxea,Ma,41.43333333,4.3,6,Pavona,Fol,10.66666667,7,-19,1.3,2.3
2013-03-01,Galaxea,Ma,41.43333333,4.3,7,Montipora,Br,18.66666667,2,0,0,3.6
2013-03-01,Galaxea,Ma,9.266666667,4,1,Montipora,Br,25.33333333,7,13,0,2.2
2013-03-01,Echinopora,Fol,32.5,4,1,Montipora,Br,43,9,17,0,5.3
2013-03-01,Echinopora,Fol,32.5,4,2,Montipora,Br,32.66666667,15,15,0,3.3
2013-03-01,Echinopora,Fol,32.5,4,3,Montipora,Br,27.33333333,20,12,5.8,3.1
2013-03-01,Seriatopora,Br,9.2,3.5,1,Porites,Ma,21.66666667,5,2,-0.5,-0.6
2013-03-01,Seriatopora,Br,9.2,3.5,2,Acropora,Br,3.333333333,3,3.5,-0.4,-0.2
2013-03-01,Seriatopora,Br,9.2,3.5,3,Porites,Ma,34.33333333,7,14,0,-0.9
2013-03-01,Montipora,En,20.56666667,3.5,1,Porites,Ma,40.33333333,30,10,8.4,0.6
2013-03-01,Montipora,En,20.56666667,3.5,2,Favia,En,2.833333333,3,-20,0.6,0.6
2013-03-01,Montipora,En,20.56666667,3.5,3,Montipora,En,4.833333333,6,-17,0.6,0.5
2013-03-01,Montipora,En,16.93333333,3.5,1,Porites,Ma,40.33333333,13,0,4.5,0.5
2013-03-01,Montipora,En,16.93333333,3.5,2,Porites,Ma,11.33333333,7,1,2.3,0.7
2013-03-01,Montipora,En,16.93333333,3.5,3,Acropora,Br,10.16666667,13,4.5,0.9,0.3
2013-03-01,Montipora,En,22.76666667,3.4,1,Acropora,Br,9.166666667,8,2,0.9,0.7
2013-03-01,Montipora,En,22.76666667,3.4,2,Montipora,Br,7,6,6,1.2,0.3
2013-03-01,Montipora,En,22.76666667,3.4,3,Acropora,Br,21.66666667,5,17,0.9,0.4
2013-03-01,Galaxea,Ma,16.86666667,3.4,1,Montipora,En,14.66666667,3,0,0,1.7
2013-03-01,Galaxea,Ma,16.86666667,3.4,2,Acropora,Br,12,3,-2,0.5,1.1
2013-03-01,Galaxea,Ma,16.86666667,3.4,3,Acropora,Br,11.83333333,2.5,2,0,1.7
2013-03-01,Montipora,En,15.73333333,3.3,1,Acropora,Br,8.166666667,7,5.5,1.7,0.6
2013-03-01,Montipora,En,15.73333333,3.3,2,Pavona,En,6.166666667,8,0,0,-1.2
2013-03-01,Montipora,En,15.73333333,3.3,3,Montipora,En,9.666666667,9,0,0.6,0.5
2013-03-01,Montipora,En,15.73333333,3.3,4,Montipora,En,16.33333333,5,0,0.3,0.9
2013-03-01,Acropora,Br,17.7,3.3,1,Acropora,Br,9,1.5,0,0.8,0.5
2013-03-01,Acropora,Br,17.7,3.3,2,Acropora,Br,7,0.5,-10,1.4,0.3
2013-03-01,Pocillopora,S.Br,16.8,4,1,Montipora,En,15,4.5,-6,0,0.8
2013-03-01,Pocillopora,S.Br,16.8,4,2,Acropora,Br,8.333333333,3,0,0.3,0.5
2013-03-01,Pocillopora,S.Br,16.8,4,3,Montipora,En,10.66666667,5,-15,0.3,0.5
2013-03-01,Montipora,En,12.26666667,4,1,Seriatopora,Br,7.166666667,3.5,0,0,0.6
2013-03-01,Galaxea,Ma,7.866666667,4,1,Porites,Br,18.33333333,6,-6,0,4.5
2013-03-01,Isopora,S.Br,7.666666667,4,1,Acropora,Br,15,3,4,0.2,0
2013-03-01,Montipora,En,6.9,4,1,Acropora,Br,11,4.5,5.5,0.8,0.4
2013-03-01,Montipora,En,32.23333333,3.5,1,Acropora,Br,11,9,-4,1.7,0.4
2013-03-01,Montipora,En,32.23333333,3.5,2,Acropora,Br,9.333333333,6,-13,0.6,1.1
2013-03-01,Montipora,En,11.3,3.5,1,Acropora,Br,6.5,3.5,2,1,0.4
2013-03-01,Acropora,Br,12.3,3.1,1,Acropora,Br,4.333333333,2.5,-10,0.7,0.4
2013-03-01,Acropora,Br,16.4,3.5,1,Acropora,Br,35.66666667,8,16,0.9,0
2013-03-04,Favia,Ma,31,4.8,1,Acropora,Br,15.66666667,17,1.5,0.5,1.2
2013-03-04,Favia,Ma,31,4.8,2,Acropora,Br,7.166666667,7,-6,0,-2
2013-03-04,Favia,Ma,31,4.8,3,Montipora,En,10.5,18,-9,-4.7,-0.8
2013-03-04,Favia,Ma,31,4.8,4,Acropora,Br,17,18,-12,0,-2.1
2013-03-04,Favia,Ma,55.1,5,1,Montipora,Br,12.66666667,3,-36,0,3.8
2013-03-04,Favia,Ma,55.1,5,2,Montipora,Br,7.333333333,2,40,0,2.3
2013-03-04,Favia,Ma,94.96666667,4,1,Pocillopora,S.Br,17.16666667,32,-3,0,-2.7
2013-03-04,Galaxea,Ma,18.53333333,4.2,1,Pocillopora,S.Br,8.166666667,3,-5,0,2
2013-03-04,Galaxea,Ma,18.53333333,4.2,2,Favia,Ma,15.16666667,19,4,0.3,1.8
2013-03-04,Galaxea,Ma,18.53333333,4.2,3,Montipora,En,5.833333333,2,-20,0,1.2
2013-03-04,Galaxea,Ma,18.53333333,4.2,4,Montipora,En,11,3,-20,0,0.6
2013-03-04,Galaxea,Ma,18.53333333,4.2,5,Porites,Ma,8.666666667,6.5,-8,0,2
2013-03-04,Montipora,En,16.63333333,4.2,1,Montipora,En,10.16666667,5,2,0,0.9
2013-03-04,Montipora,En,16.63333333,4.2,2,Acropora,Br,2.333333333,2,-6.5,0.3,0.3
2013-03-04,Favia,Ma,40.16666667,4.6,1,Pocillopora,S.Br,15,40,4,0,1.8
2013-03-04,Favia,Ma,40.16666667,4.6,2,Acropora,Br,5,6,-8,0,2
2013-03-04,Galaxea,Ma,7.6,4.6,1,Acropora,Br,6.5,9.5,4,0,1
2013-03-04,Galaxea,Ma,7.6,4.6,2,Porites,Br,11.83333333,3.5,1,0.5,1.4
2013-03-04,Galaxea,Ma,26.6,5,1,Porites,Br,30,18,-17,2.2,1.2
2013-03-04,Galaxea,Ma,26.6,5,2,Montipora,Br,8,4,-11,0,0.9
2013-03-04,Galaxea,Ma,26.6,5,3,Montipora,Br,24.33333333,18,14,1.8,1.9
2013-03-04,Galaxea,Ma,26.6,5,4,Montipora,Br,28.33333333,20,11,2.1,2.1
2013-03-04,Galaxea,Ma,26.6,5,5,Porites,Br,14.33333333,3,-2,1.1,1.6
2013-03-04,Acropora,Br,10.9,4.5,1,Galaxea,Ma,26.66666667,7.5,2,0,-1.3
2013-03-04,Acropora,Br,10.9,4.5,2,Montipora,Br,5.333333333,6,-4.5,0,0.9
2013-03-04,Acropora,Br,10.9,4.5,3,Montipora,Br,18.83333333,17,10,0,1.1
2013-03-04,Galaxea,Ma,3.866666667,4.5,1,Montipora,Br,18.83333333,17,9,0,1.5
2013-03-04,Pavona,En,73.26666667,4.7,1,Favia,Ma,103,140,60,5.5,2.3
2013-03-04,Pavona,En,73.26666667,4.7,2,Galaxea,Ma,55.66666667,22,5,3,2.6
2013-03-04,Acropora,Br,7.1,4.5,1,Merulina,Fol,7,12,0,0,1
2013-03-04,Acropora,Br,7.1,4.5,2,Favia,Ma,13,5,10,0,1.4
2013-03-04,Pocillopora,S.Br,12.76666667,4.4,1,Porites,Ma,13.33333333,7,0,0,0.8
2013-03-04,Pocillopora,S.Br,12.76666667,4.4,2,Acropora,Br,15.33333333,5,0,0.5,1
2013-03-04,Pocillopora,S.Br,12.76666667,4.4,3,Montipora,En,7.5,1.5,-8.5,0,0.5
2013-03-04,Porites,Ma,3.2,4.6,1,Montipora,En,13,9,-3.5,0,0.4
2013-03-04,Pocillopora,S.Br,1.966666667,4.4,1,Acropora,Br,1.333333333,1.5,0,0,0.5
2013-03-04,Pocillopora,S.Br,1.966666667,4.4,2,Acropora,Br,1.833333333,1.5,-1,0,0.6
2013-03-04,Pocillopora,S.Br,1.966666667,4.4,3,Acropora,Br,2.333333333,0.2,0,0,0.5
2013-03-04,Montipora,En,28.76666667,4.5,1,Favia,Ma,106.6666667,86,20,20,1.1
2013-03-04,Montipora,En,28.76666667,4.5,2,Acropora,Br,5,6,-8,1,0.4
2013-03-04,Lobophyllia,Ma,6.466666667,4.5,1,Montipora,En,10.33333333,17,0,0,1.1
2013-03-04,Montipora,En,20.8,4.5,1,Porites,Br,2.666666667,7,-9,2.4,0.5
2013-03-04,Montipora,En,20.8,4.5,2,Porites,Br,2,2.5,-11,0.7,0.5
2013-03-04,Montipora,En,20.8,4.5,3,Porites,Br,4.833333333,3.5,-6,1,0.7
2013-03-04,Montipora,En,20.7,4.7,1,Goniastrea,Ma,3.666666667,7.5,-10,4,0.7
2013-03-04,Montipora,En,20.7,4.7,2,Goniastrea,Ma,8.333333333,4.5,-19,0,0.2
2013-03-04,Montipora,En,20.7,4.7,3,Acropora,Br,18.66666667,4,5,0,-0.8
2013-03-04,Favia,Ma,47.9,4.7,1,Montipora,En,25.33333333,46,-14,-2.8,-1.3
2013-03-04,Montipora,En,25.03333333,4.8,1,Montipora,En,12.66666667,19,0.5,0,-0.5
2013-03-04,Montipora,En,25.03333333,4.8,2,Porites,Ma,6.5,22,4.5,0.7,0.4
2013-03-04,Montipora,En,25.03333333,4.8,3,Montipora,En,5.166666667,6,-6,1.1,0
2013-03-04,Pocillopora,S.Br,4.866666667,4.6,1,Favia,Ma,58,7.5,10,0,1
2013-03-04,Porites,Ma,3.566666667,4.9,1,Montipora,En,12,7.5,2,-1.3,-0.9
2013-03-04,Acropora,Br,11.96666667,4.9,1,Montipora,En,5.666666667,5,-3,0,1.1
2013-03-04,Pocillopora,S.Br,8.5,4.7,1,Favia,Ma,45.33333333,13,0,0,0.9
2013-03-04,Montipora,En,24.66666667,4.5,1,Acropora,Br,8,7,6,2,0.6
2013-03-04,Montipora,En,24.66666667,4.5,2,Montipora,En,28,9,0,0.5,0.5
2013-03-04,Montipora,En,24.66666667,4.5,3,Favia,Ma,8,6,-2,0,-2.2
2013-03-04,Montipora,En,8.233333333,4.9,1,Montipora,En,16,10,0,0.5,0.6
2013-03-04,Montipora,En,8.233333333,4.9,2,Psammocora,Col,14.33333333,14,6.5,0,0
2013-03-04,Montipora,En,11.53333333,4.7,1,Pachyseris,Fol,24.66666667,13,8,0,1
2013-03-04,Montipora,En,11.53333333,4.7,2,Psammocora,Br,14.66666667,4,10,0.7,0
2013-03-04,Montipora,En,11.53333333,4.7,3,Psammocora,Br,14,5,0,0.6,0.3
2013-03-22,Acropora,Br,14.8,1.7,1,Montipora,En,38.76666667,15,-2.7,-2.4,-0.3
2013-03-22,Montipora,En,94.16666667,1.6,1,Acropora,Br,8.766666667,12,1.7,0.6,0.4
2013-03-22,Montipora,En,94.16666667,1.6,2,Acropora,Br,8.766666667,6,1.2,0.8,0.4
2013-03-22,Montipora,En,94.16666667,1.6,3,Acropora,Br,6.733333333,8.5,-8,1.2,0
2013-03-22,Montipora,En,94.16666667,1.6,4,Hydnophora,Ma,9.4,23,-5.5,0,-1.8
2013-03-22,Montipora,En,94.16666667,1.6,5,Pocillopora,S.Br,7.666666667,16,-8,1.1,-0.6
2013-03-22,Montipora,En,94.16666667,1.6,6,Acropora,Br,6.3,4.5,-11,0.4,0.2
2013-03-22,Acropora,Tab,61.33333333,1.6,1,Acropora,Br,51.56666667,75,-2,2.5,1
2013-03-22,Acropora,Br,26,1.6,1,Pocillopora,S.Br,24.03333333,20,-2,3,-1.5
2013-03-22,Acropora,Br,10.76666667,2.8,1,Pocillopora,S.Br,3.4,0.5,-6,0,0.6
2013-03-22,Acropora,Br,27.16666667,3.6,1,Merulina,Fol,22.56666667,1,-3,0,-2
2013-03-22,Acropora,Br,27.16666667,3.6,2,Acropora,Br,34.66666667,5,4.5,1.5,0
2013-03-22,Porites,Ma,12.36666667,3.6,1,Montipora,En,15.66666667,6.5,-2.7,-1.8,-0.5
2013-03-22,Porites,Ma,6.7,4,1,Montipora,En,5.833333333,5,3.5,-0.5,-0.2
2013-03-22,Montipora,En,40.9,4,1,Acropora,Br,38.56666667,33,2,4,0.3
2013-03-22,Montipora,En,30.5,3.5,1,Acropora,Br,30.63333333,10.3,4.6,1.3,0.6
2013-03-22,Montipora,En,16.2,3.7,1,Porites,Ma,3.166666667,9,0.5,2.2,0.4
2013-03-22,Montipora,En,38.13333333,4,1,Acropora,Br,3,2.8,-5.2,1.5,0.4
2013-03-22,Montipora,En,38.13333333,4,2,Acropora,Br,3.7,3.6,-5.7,1.2,0.6
2013-03-22,Montipora,En,38.13333333,4,3,Acropora,Br,2.933333333,3,0,2.1,0.4
2013-03-22,Montipora,En,38.13333333,4,4,Acropora,Br,4.766666667,3,0.5,2,0.9
2013-03-22,Acropora,Br,30.26666667,3.1,1,Montipora,En,21.06666667,11,-7,0.6,0.7
2013-03-22,Acropora,Br,30.26666667,3.1,2,Montipora,En,23.2,6.5,-4.5,0.7,1
2013-03-22,Montipora,En,23.53333333,3,1,Acropora,Br,19.73333333,5.5,-0.8,1.3,0.4
2013-03-22,Montipora,En,22,2.7,1,Porites,Ma,12.26666667,17,2.2,6.7,0.8
2013-03-22,Favia,Ma,11.96666667,2.6,1,Montipora,En,26.46666667,21.5,6,0,0.8
2013-03-22,Montipora,En,29.7,2.4,1,Acropora,Tab,19.56666667,29,13.7,2.5,0.7
2013-03-22,Montipora,En,29.7,2.4,2,Montipora,En,12.9,11.4,-6.2,0.7,0.2
2013-03-22,Montipora,En,29.7,2.4,3,Montastrea,Ma,3.8,5.2,-5,1.1,0.3
2013-03-22,Montipora,En,29.7,2.4,4,Montipora,En,11.4,3.8,-1,0,-0.6
2013-04-19,Acropora,Br,12.56666667,6.3,1,Porites,Ma,11.3,5.8,4.4,0.2,0.4
2013-04-19,Acropora,Br,6.4,6.2,1,Stylophora,Br,23.9,3.5,-0.4,0,1.4
2013-04-19,Acropora,Tab,10.26666667,6.5,1,Acropora,Br,10.56666667,0.6,-1.2,0,0.4
2013-04-19,Acropora,Br,12.7,5.2,1,Psammocora,Br,8.3,1.2,-6.9,0,1.6
2013-04-19,Acropora,Br,5.633333333,5.8,1,Pocillopora,Br,7.166666667,0.9,-2.7,0,0.7
2013-04-19,Stylophora,S.Br,6.6,5.5,1,Acropora,Br,8,4,5.7,0,0.7
2013-04-19,Acropora,Br,13.33333333,5.8,1,Montastrea,Ma,5.3,4.9,-0.8,0,-2.7
2013-04-19,Acropora,Br,12.2,5.6,1,Montipora,En,8.433333333,2.5,-5.3,0,1
2013-04-19,Acropora,Br,14.33333333,6.2,1,Pocillopora,Br,16.46666667,2.3,-2.3,0.3,1.2
2013-04-19,Acropora,Br,14.16666667,6.3,1,Stylophora,S.Br,23.26666667,11.8,9.6,0,1.5
2013-04-19,Montipora,En,14.26666667,5.2,1,Favia,Ma,8.666666667,8.5,3.3,3,0.6
2013-04-19,Acropora,Tab,12.9,5.7,1,Stylophora,S.Br,3.633333333,3.7,-6,1.4,0.9
2013-04-19,Favia,Ma,5.033333333,5.9,1,Montipora,En,12.3,1.6,3.9,-0.2,0
2013-04-19,Echinopora,Br,15.7,3.4,1,Acropora,Br,54,16,3.1,0.4,2.3
2013-04-19,Pocillopora,Br,17.8,3.2,1,Acropora,Br,10.23333333,10.8,7.1,0,0.9
2013-04-19,Pocillopora,Br,17.8,3.2,2,Montipora,En,11.03333333,4.1,-5.4,0,0.8
2013-04-19,Pocillopora,Br,17.8,3.2,3,Montipora,En,15,3.1,-0.4,0,0.3
2013-04-19,Acropora,Br,22.06666667,3.3,1,Acropora,Tab,18.96666667,6.1,-1.3,0.4,-0.2
2013-04-19,Acropora,Br,22.06666667,3.3,2,Pocillopora,Br,21.56666667,12.9,-5.7,0,-1.9
2013-04-19,Montipora,En,10.43333333,2.9,1,Montipora,En,10,14.7,1.2,-0.6,0.2
2013-04-19,Acropora,Br,20.3,3,1,Acropora,Br,12.86666667,6.7,2.5,0.9,0.5
2013-04-19,Acropora,Br,20.3,3,2,Acropora,Br,9.266666667,4.5,0.7,0.6,0
2013-04-19,Acropora,Br,35.33333333,3.2,1,Pocillopora,Br,16.93333333,13.6,-3.1,0,-1
2013-04-19,Pocillopora,Br,8.6,3.2,1,Montipora,En,10.33333333,1.5,5.4,0,0.4
2013-04-19,Acropora,Br,10.16666667,5.3,1,Pocillopora,Br,3.466666667,0.7,-2.3,0,0.6
2013-04-19,Acropora,Br,3.133333333,4.6,1,BCA,Br,2.8,2.1,1.3,0.2,0
2013-04-19,Acropora,Br,6.7,3.9,1,Acropora,Br,19.56666667,2.3,0,0,1.4
2013-04-19,Acropora,Br,36.5,3.1,1,Acropora,Br,21.63333333,17,-3.7,1.1,0
2013-04-19,Acropora,Tab,16.03333333,3.1,1,Montipora,En,13.13333333,5,-4.5,0.5,0.6
2013-04-19,Acropora,Br,18.3,3.9,1,Acropora,Br,8.833333333,2.1,-2.9,0.4,0.3
2013-04-19,Pocillopora,Br,6.733333333,3.9,1,Acropora,Br,5.466666667,2.7,-2.3,0,0.8
2013-04-19,Acropora,Br,12.83333333,4.5,1,Stylophora,S.Br,11.56666667,9.4,-1,0.4,0.3
2013-04-19,Pocillopora,Br,5.666666667,5.2,1,Montipora,En,18.73333333,5.4,-3.1,0,0.5
2013-05-21,Acropora,Br,13.63333333,1.5,1,Acropora,Tab,20.46666667,8.3,-2,0.9,0.2
2013-05-21,Acropora,Br,13.63333333,1.5,2,Montipora,En,19.8,1,-5.3,0.3,-0.2
2013-05-21,Montipora,En,34.1,1.6,1,Acropora,Br,10.23333333,3.9,-1.6,1.2,0.2
2013-05-21,Montipora,En,34.1,1.6,2,Acropora,Br,11.76666667,5.3,2.4,1.9,0.4
2013-05-21,Montipora,En,34.1,1.6,3,Acropora,Br,5.466666667,6.9,-3.9,0.4,-0.2
2013-05-21,Acropora,Tab,39.33333333,1.5,1,Pocillopora,Br,21.23333333,20.4,-1.3,6,0.6
2013-05-21,Pocillopora,Br,14.7,1.9,1,Acropora,Br,22.03333333,7.8,4.5,0,1.3
2013-05-21,Montipora,En,21.13333333,2.5,1,Porites,Ma,12.3,25,1.5,6.6,0.4
2013-05-21,Montipora,En,59.2,2.6,1,Montipora,En,21.43333333,50,-7.1,0.1,-0.4
2013-05-21,Montipora,En,59.2,2.6,2,Pocillopora,Br,20.06666667,38,-1.5,0,-0.8
2013-05-21,Montipora,En,59.2,2.6,3,Acropora,Br,5.3,4.3,-1,0,-0.7
2013-05-21,Montipora,En,59.2,2.6,4,Montipora,En,7.666666667,18,-10.3,0.6,-0.3
2013-05-21,Acropora,Tab,15.7,2.8,1,Acropora,Tab,14.13333333,8.3,0,-0.9,0
2013-05-21,Acropora,Tab,15.7,2.8,2,Acropora,Tab,18.33333333,4.3,0,-0.5,0
2013-05-21,Acropora,Tab,15.7,2.8,3,Acropora,Br,3.1,2.4,-9.4,0,0.2
2013-05-21,Montipora,En,18.6,3,1,Montipora,En,6.866666667,5.8,-5.7,0.4,0.3
2013-05-21,Montipora,En,18.6,3,2,Montipora,En,10.13333333,1.9,-5.4,0,0
2013-05-21,Montipora,En,18.6,3,3,Montipora,En,7.166666667,14,-2.8,0.7,0.4
2013-05-21,Pocillopora,Br,12.66666667,2.8,1,Acropora,Br,14.33333333,4,-0.7,0,0.9
2013-05-21,Montipora,En,46.93333333,3.8,1,Montipora,En,29.73333333,70,-11.4,-4.4,-0.5
2013-05-21,Montipora,En,46.93333333,3.8,2,Acropora,Br,22.7,7.2,5.4,1.1,-0.3
2013-05-21,Montipora,En,57.4,3.6,1,Acropora,Br,4.4,2.5,-15.4,0,0.9
2013-05-21,Montipora,En,57.4,3.6,2,Porites,Ma,8.066666667,7.6,-12,3,0.6
2013-05-21,Acropora,Br,8.866666667,3.3,1,Acropora,Br,11,0.8,-1.9,0.3,0
2013-05-21,Pocillopora,Br,10.36666667,3.4,1,Acropora,Br,14.06666667,1.2,-1,0,0.3
2013-05-21,Pocillopora,Br,10.36666667,3.4,2,Montipora,En,6.9,2.2,3.3,0,0.7
2013-05-21,Montipora,En,1.8,4.7,1,Montipora,En,3.166666667,2.3,0,0,0.2
2013-05-21,Acropora,Br,19.4,4.7,1,Montipora,En,21.76666667,10.1,-5.4,0,0.7
2013-05-21,Acropora,Br,19.4,4.7,2,Pocillopora,Br,4.233333333,0.9,-8.2,0,0.5
2013-05-21,Porites,Ma,2.133333333,3.3,1,Acropora,Br,6,2.5,0.4,-0.3,-0.5
2013-05-21,Acropora,Br,3,3.5,1,Montipora,En,1.4,1.1,-1.1,0,0.4
2013-05-21,Acropora,Br,2.266666667,1.6,1,Montipora,En,34.23333333,2.5,-1,-0.6,-0.2
2013-05-21,Pocillopora,Br,3.666666667,4.7,1,Montipora,En,24.93333333,3.6,5.2,0,0.8
2013-05-21,Pocillopora,Br,3.9,3.7,1,Montipora,En,26.33333333,4.7,-5.2,0,0.6
2013-01-24,Acropora,Br,6.633333333,4.5,1,Seriatopora,Br,14.66666667,15,-0.5,0,0.9
2013-01-24,Porites,Ma,2.166666667,4.3,1,Seriatopora,Br,12.33333333,0.3,0,-0.4,0
2013-01-24,Acropora,Br,12.9,3.7,1,Seriatopora,Br,17.33333333,18,-4,1.7,1.1
2013-01-24,Acropora,Br,12.9,3.7,2,Cladiella,S.Br,17,7,-9,0.6,0.5
2013-01-24,Acropora,Br,2.6,3.8,1,CCA,En,22.66666667,2.3,3.5,0.2,0
2013-01-24,Acropora,Br,4.366666667,3.9,1,Montipora,En,8.333333333,7.5,2,0,-0.3
2013-01-24,Acropora,Br,3.2,3.9,1,Porites,Ma,3.333333333,3.2,0.2,0.3,0.7
2013-01-24,Montipora,En,5.166666667,3.6,1,Seriatopora,Br,11.66666667,4,0.5,0.4,1.4
2013-01-24,Porites,Ma,12.2,3.6,1,Seriatopora,Br,8.166666667,26,0.4,-4.6,-0.7
2013-01-24,Porites,Ma,12.2,3.6,2,CCA,En,9,22,0,-0.5,0
2013-01-24,Acropora,Br,9.366666667,3.3,1,Porites,Ma,10.33333333,5.5,3,0,0.5
2013-01-24,Acropora,Br,9.366666667,3.3,2,Seriatopora,Br,9.5,1,-3,0,0.4
2013-01-24,Millepora,Br,2.666666667,3.4,1,Acropora,Br,6.5,6,3.5,0,0
2013-01-24,Seriatopora,Br,13.7,3.3,1,Hydnophora,Br,5,6.5,1,-0.4,-0.3
2013-01-24,Pocillopora,S.Br,6.333333333,3.1,1,Acropora,Br,6.5,11,0,0,0.7
2013-01-24,Pocillopora,S.Br,6.333333333,3.1,2,Acropora,Br,6,10,8,0,0.4
2013-01-24,Millepora,En,2.066666667,3.1,1,CCA,En,7.333333333,5,1,-0.5,0
2013-01-24,Acropora,Br,12.2,2.4,1,Seriatopora,Br,14,14,1,0.6,0.9
2013-01-24,Montipora,En,44.1,2.2,1,Seriatopora,Br,10.16666667,3,-18,0.7,1.1
2013-01-24,Acropora,Br,15.96666667,2,1,Porites,Ma,20.66666667,18,0,1.5,1.4
2013-01-24,Porites,Ma,6.3,2,1,Cladiella,S.Br,5.666666667,7,3,-1.2,-0.3
2013-01-24,Porites,Ma,6.3,2,2,Cladiella,S.Br,8,2,4,-0.5,-0.5
2013-01-24,Porites,Ma,9.7,2.6,1,Porites,Ma,3.166666667,5.5,4,0.5,0.7
2013-01-24,Acropora,Tab,16.83333333,3.9,1,Montastrea,Ma,14,9,4,0,-3
2013-01-24,Millepora,En,9.433333333,5.4,1,Porites,Ma,3.833333333,11,1,4,0
2013-01-24,Millepora,En,9.433333333,5.4,2,Pavona,En,2.5,1.5,-7,0.6,0
2013-01-24,Millepora,En,9.433333333,5.4,3,Montipora,En,1.533333333,1.5,-7,0.3,0
2013-01-24,Millepora,En,9.433333333,5.4,4,Montipora,En,1.033333333,3,-5,-0.1,0.5
2013-01-24,Montipora,En,4.733333333,4.2,1,CCA,En,12.33333333,19,3,5.6,0
2013-01-24,Millepora,Br,6.266666667,3.4,1,Pocillopora,S.Br,11,14,-4,0,0
2013-01-24,Acropora,Br,8.4,2.3,1,Seriatopora,Br,13.66666667,15,2,0.6,1
2013-01-24,Porites,Ma,8.433333333,2.8,1,Porites,Ma,10.33333333,1.5,12,0,0
2013-01-24,Porites,Ma,8.433333333,2.8,2,Galaxea,Ma,5.666666667,4,-14,0,-1.7
2013-01-24,Porites,Ma,8.433333333,2.8,3,Cladiella,S.Br,19.33333333,15,4,-3.8,0
2013-01-24,Porites,Ma,8.366666667,2.6,1,Seriatopora,Br,12.33333333,17,2,0,-1.5
2013-02-11,Isopora,S.Br,12.83333333,3.6,1,Seriatopora,Br,12.33333333,7,0,0.8,1.6
2013-02-11,Porites,Ma,3.666666667,3.4,1,Isopora,En,7.666666667,7,2,0,-0.7
2013-02-11,Montipora,En,16.4,3.4,1,Favia,Ma,9.666666667,8,-10,0.9,0.8
2013-02-11,Seriatopora,Br,11.06666667,2.7,1,Acropora,Br,13.33333333,19,4,-1.6,-0.7
2013-02-11,Seriatopora,Br,11.06666667,2.7,2,Acropora,Br,8.666666667,10,-3,-1,-0.7
2013-02-11,Pocillopora,S.Br,11.9,2.9,1,Hydnophora,Ma,12,24,-2,0,-0.6
2013-02-11,Porites,Ma,5.833333333,2.7,1,Montipora,En,10.33333333,13,-3,-0.9,-0.1
2013-02-11,Porites,Ma,5.833333333,2.7,2,Montipora,En,11.16666667,11,-1,0,-0.7
2013-02-11,Acropora,Br,21.33333333,2.5,1,Seriatopora,Br,9,12,-6,1.8,-0.2
2013-02-11,Acropora,Br,21.33333333,2.5,2,Porites,Ma,5.666666667,4.5,-7,0,0.9
2013-02-11,Isopora,S.Br,20.1,2.5,1,Acropora,Br,5.833333333,2.5,-4,0.2,0.4
2013-02-11,Isopora,S.Br,20.1,2.5,2,Echinopora,En,4.333333333,5,-6,0,-1.7
2013-02-11,Isopora,S.Br,20.1,2.5,3,Acropora,Br,5.333333333,5.5,-5.5,0,0.8
2013-02-11,Echinopora,En,52.1,2.4,1,Acropora,Br,13,17,3.5,0.2,0.4
2013-02-11,Echinopora,En,52.1,2.4,2,Seriatopora,Br,11.66666667,12,6,0.1,0.3
2013-02-11,Echinopora,En,52.1,2.4,3,Acropora,Br,14.66666667,6,2,0,0.1
2013-02-11,Acropora,Br,17.63333333,2.1,1,Echinopora,En,20,9,7.5,-0.2,-0.3
2013-02-11,Porites,Ma,1.733333333,2.1,1,Acropora,Br,14.66666667,1,12,-0.3,0.1
2013-02-11,Acropora,Tab,10.96666667,2.4,1,Acropora,Br,17.66666667,9,8,0.9,1.2
2013-02-11,Acropora,Tab,10.96666667,2.4,2,Pocillopora,S.Br,1.666666667,1.5,0,0,0.9
2013-02-11,Montipora,En,18.3,2.4,1,Acropora,Br,5,6,0,0.6,1
2013-02-11,Pocillopora,S.Br,3.8,2.5,1,Seriatopora,Br,7.666666667,4,0,0.3,0.4
2013-02-11,Pocillopora,S.Br,3.8,2.5,2,Montipora,En,7.333333333,4,5,-0.6,-0.5
2013-02-11,Pocillopora,S.Br,9,2,1,Acropora,Br,12.33333333,10,1,0,-0.2
2013-02-11,Acropora,Br,9.1,1.8,1,Pocillopora,S.Br,11.16666667,2.5,1,0,0.7
2013-02-11,Acropora,Br,9.1,1.8,1,Echinopora,En,16.33333333,2,-5,0,-1.8
2013-02-11,Acropora,Br,4.533333333,2.1,1,Galaxea,Ma,4,3,-3.5,0,-0.5
2013-02-11,Millepora,Col,40.46666667,1.7,1,Pocillopora,S.Br,2.666666667,1.5,-8,1.9,0
2013-02-11,Millepora,Col,40.46666667,1.7,2,Acropora,Br,3,7,-6,1.5,0
2013-02-11,Echinopora,En,11.9,3,1,Stylophora,S.Br,9,6.5,7,0,0.2
2013-02-11,Echinopora,En,11.9,3,2,Galaxea,Ma,7.666666667,5,2,0.4,1.4
2013-02-11,Pocillopora,S.Br,9.233333333,2.9,1,Galaxea,Ma,10,13,0,0,-5.7
2013-02-11,Montipora,Br,24.53333333,2.8,1,Seriatopora,Br,15.83333333,21,-6,1,3
2013-02-11,Echinopora,En,33,3.1,1,Cladiella,S.Br,20.66666667,25,-7,-3.3,-1.4
2013-02-11,Porites,Ma,62.93333333,4.7,1,Isopora,S.Br,25.66666667,38,-5,-1.1,-1.2
2013-02-11,Millepora,Col,2.933333333,5.5,1,Seriatopora,Br,19,0.5,0,0.4,0
2013-02-11,Seriatopora,Br,8.266666667,5.1,1,Acropora,Br,6,5,4,-0.5,-0.9
2013-02-11,Seriatopora,Br,8.266666667,5.1,2,Acropora,Br,6.333333333,9,6,0,0.5
2013-02-11,Seriatopora,Br,8.266666667,5.1,3,Isopora,Col,2,3.5,-4,0,0
2013-02-11,Seriatopora,Br,13.8,4.9,1,Merulina,Col,14.33333333,6,5,-0.5,-3.2
2013-02-11,Acropora,Br,7.1,5.6,1,Seriatopora,Br,12,12,-1,0.7,1.4
2013-02-11,Montipora,En,9.1,5.9,1,Astreopora,En,7.166666667,15,-2,0.5,0.5
2013-02-11,Acropora,Br,4.033333333,6,1,Isopora,Col,5,4,12.2,0,0.7
2013-02-11,Favia,Ma,7.633333333,6.5,1,Nephthea,Br,14.33333333,18,-2,-2.6,-0.4
2013-02-11,Acropora,Br,12.66666667,5.7,1,Pocillopora,S.Br,14.33333333,18,-2,0.9,-0.6
2013-02-11,Acropora,Br,8.966666667,4.1,1,Echinopora,En,17.66666667,3,-11,0,-0.9
2013-02-11,Millepora,Br,4.2,3.9,1,Goniastrea,Ma,25.33333333,6,5,0.3,0
2013-02-11,Millepora,Br,4.2,3.9,2,CCA,En,7.666666667,9,-2,-0.3,0
2013-02-11,Porites,Ma,21.73333333,3.6,1,Echinopora,En,22.33333333,31,-5,-3.6,-2.7
2013-02-11,Porites,Ma,21.73333333,3.6,2,Favia,Ma,9,11,-8,-1.1,-3.4
2013-02-11,Porites,Ma,21.73333333,3.6,3,Millepora,Br,4,3,-7,-1.1,0.4
2013-04-08,Pocillopora,Br,19.06666667,7.1,1,Acropora,Br,8.733333333,8.9,-5.5,0,1.6
2013-04-08,Acropora,Br,17.2,7,1,Stylophora,Br,26,6,2.5,0,0.9
2013-04-08,Acropora,Tab,24.7,5.9,1,Stylophora,S.Br,9.2,7.3,3.8,0.2,-0.2
2013-04-08,Acropora,Br,9.2,5.5,1,Stylophora,S.Br,14.16666667,4,-5.7,0,0.9
2013-04-08,Montipora,En,19.83333333,4.8,1,Astreopora,Ma,5.433333333,11.3,-8.1,0,-0.9
2013-04-08,Hydnophora,Br,11.93333333,4.4,1,Acropora,Tab,21.1,2,8.5,0,1.4
2013-04-08,Montipora,En,5.766666667,4.8,1,Acropora,Br,11.6,2.7,9.5,0.5,0.2
2013-04-08,Acropora,Br,10.13333333,4.8,1,Acropora,Br,15.6,1.9,0,0.2,0
2013-04-08,Acropora,Tab,21.63333333,4.4,1,Pocillopora,Br,22.2,11.1,7.4,0,0.2
2013-04-08,Acropora,Br,7.5,5,1,Astreopora,Ma,5.366666667,2.6,-6.6,0,1.1
2013-04-08,Acropora,Br,7.5,5,2,Acropora,Br,34.7,1,1,-0.2,0.2
2013-04-08,Acropora,Tab,18.3,3,1,Acropora,Tab,14.93333333,1.4,-0.7,0,0
2013-04-08,Galaxea,Ma,35.5,5.4,1,Acropora,Br,21.66666667,16.4,-1.3,0,0.7
2013-04-08,Galaxea,Ma,35.5,5.4,2,Stylophora,S.Br,37.6,16,10.5,2.7,2.4
2013-04-08,Pocillopora,Br,7.166666667,5.5,1,Acropora,Br,16.53333333,2.4,1,0,0.1
2013-04-08,Pocillopora,Br,7.166666667,5.5,2,Montipora,En,1.833333333,0.4,-4.6,0,0.4
2013-04-08,Acropora,Br,22.4,5.9,1,Porites,Ma,13,5,-2.3,1.5,0.9
2013-04-08,Acropora,Br,23.8,5.8,1,Stylophora,S.Br,20.43333333,14,0.2,0,1.1
2013-04-08,Millepora,Col,6.766666667,5.5,1,Acropora,Br,11.36666667,0.6,-2.9,0,-0.5
2013-04-08,Acropora,Br,16.7,5.4,1,Porites,Ma,36.9,11,-10.9,2.5,1.1
2013-04-08,Stylophora,S.Br,24.93333333,5.8,1,Porites,Ma,20.63333333,15,-3.1,2.1,1
2013-04-09,Porites,Ma,49.1,3,1,Acropora,Br,63.76666667,40.6,17,-1.4,1
2013-04-09,Porites,Ma,49.1,3,2,Acropora,Br,85.3,13.6,22.3,-0.6,0.5
2013-04-09,Montipora,En,31.9,3,1,Seriatopora,Br,6.133333333,7.5,1.9,1.3,1.1
2013-04-09,Acropora,Br,24.96666667,2.6,1,Seriatopora,Br,31.76666667,9.9,7.8,0,1.1
2013-04-09,Montipora,En,29.43333333,3,1,Acropora,Br,2.5,8,-2.6,0.6,0.2
2013-04-09,Montipora,En,29.43333333,3,2,Acropora,Br,8.5,0.4,1,0,-0.2
2013-04-09,Montipora,En,29.43333333,3,3,Acropora,Br,3.233333333,6,-8,0,-0.3
2013-04-09,Montipora,En,29.43333333,3,4,Acropora,Br,4.766666667,8,-1.5,1.3,0.3
2013-04-09,Porites,Ma,61.93333333,3,1,Nephthea,Br,49.36666667,85,-8.5,-40,-0.8
2013-04-09,Porites,Ma,23.9,2.5,1,Acropora,Br,23.13333333,14.2,-2.2,-0.6,0.8
2013-04-09,Porites,Ma,23.9,2.5,2,Acropora,Br,10.53333333,0.7,-8.9,-0.5,1
2013-04-09,Porites,Ma,23.9,2.5,3,Stylophora,Br,25.63333333,19.9,-2.5,0,-0.8
2013-04-09,Montipora,En,26.26666667,2.6,1,Stylophora,Br,7.266666667,7.7,-8.3,0,-0.6
2013-04-09,Montipora,En,26.26666667,2.6,2,Stylophora,Br,7.566666667,21,-1,0,-0.6
2013-04-09,Montipora,En,26.26666667,2.6,3,Acropora,Br,20.8,2.2,4,0,0.7
2013-04-09,Montipora,En,121.5,3,1,Pocillopora,Br,8.933333333,15.2,-35,0,-2.3
2013-04-09,Montipora,En,121.5,3,2,Seriatopora,Br,26.6,19,-30,5.4,0.6
2013-04-09,Montipora,En,121.5,3,3,Acropora,Br,12.63333333,12.5,14.7,4.3,0.7
2013-04-09,Montipora,En,121.5,3,4,Porites,Ma,2.266666667,2,-47,0.8,0.6
2013-04-09,Montipora,En,121.5,3,5,Acropora,Br,33.8,4.9,-30,4.7,0.6
2013-04-09,Montipora,En,121.5,3,6,Echinopora,Fol,10.76666667,15,-38,-1,-1.2
2013-04-09,Montipora,En,121.5,3,7,Porites,Br,14.36666667,35.5,-29.5,3.3,0.7
2013-04-09,Montipora,En,121.5,3,8,Porites,Br,29.9,40,-48,3,0.4
2013-04-09,Montipora,En,121.5,3,9,Acropora,Br,19,8,-33,2.7,0.9
2013-04-09,Montipora,En,121.5,3,10,Acropora,Br,6.6,7.5,-40,2.4,0.7
2013-04-09,Montipora,En,121.5,3,11,Acropora,Br,2.533333333,4.5,-41,3,0.7
2013-04-09,Montipora,En,121.5,3,12,Acropora,Br,4.1,1.5,-47.3,-2.1,-0.5
2013-04-09,Montipora,En,121.5,3,13,Acropora,Br,24.26666667,10.5,-13.2,7.8,1.1
2013-04-09,Montipora,En,121.5,3,14,Porites,Ma,17.56666667,27,-14,5.4,0.8
2013-04-09,Montipora,En,121.5,3,15,Acropora,Br,53.96666667,80,-15,10.4,0.4
2013-04-09,Pocillopora,Br,9.7,0.8,1,Isopora,Col,15.2,5.7,0,0,0.6
2013-04-09,Pocillopora,Br,17.6,0.9,1,Montipora,En,67.43333333,17,-3.6,-5.1,-0.7
2013-04-09,Pocillopora,Br,17.6,0.9,2,Isopora,Col,8.866666667,7.2,0,0,1
2013-04-09,Pocillopora,Br,17.6,1,1,Montipora,En,67.43333333,25,2,-3.5,-1.1
2013-04-09,Montipora,En,43,2.1,1,Pocillopora,Br,8.066666667,14,-4.3,1.5,1.2
2013-04-09,Montipora,En,43,2.1,2,Seriatopora,Br,5.333333333,5.4,-7.6,1.3,0.6
2013-04-09,Montipora,En,43,2.1,3,Acropora,Br,17.93333333,10.7,0.8,2.3,0.4
2013-04-09,Montipora,En,43,2.1,4,Montipora,Br,17.63333333,7.8,-4.8,2.7,0.6
2013-04-09,Montipora,En,43,2.1,5,Favia,Ma,15.23333333,6.5,-6.1,1.5,0.7
2013-04-09,Montipora,En,28,1.7,1,Montipora,En,9.9,4.7,-8.3,0,0.8
2013-04-09,Montipora,En,28,1.7,2,Seriatopora,Br,7.366666667,8,-5.3,2.4,0.7
2013-04-09,Montipora,En,28,1.7,3,Seriatopora,Br,5.1,6,-4.2,1,0.5
2013-04-09,Montipora,En,28,1.7,4,Galaxea,Ma,16.8,12,-11.7,0,-2.9
2013-05-07,Acropora,Br,7.366666667,1.6,1,Stylophora,Br,4,1.3,-6,0.4,0.4
2013-05-07,Stylophora,Br,6.966666667,1.7,1,Seriatopora,Br,9.866666667,2.9,0.4,0,0.8
2013-05-07,Stylophora,Br,8.233333333,1.1,1,Seriatopora,Br,8.6,3.1,0.7,0,1.2
2013-05-07,Pocillopora,Br,5.033333333,1.8,1,Montipora,En,17.83333333,4.5,2.9,0.2,0.5
2013-05-07,Pocillopora,Br,7.233333333,0.8,1,Acropora,Br,13.76666667,5.8,5.5,0,1.1
2013-05-07,Porites,Ma,20,1.8,1,Acropora,Br,17.86666667,4.3,-2.5,0,-0.6
2013-05-07,Porites,Ma,20,1.8,2,Acropora,Br,8.766666667,1.1,-3.5,0,0.5
2013-05-07,Acropora,Br,10.36666667,1.3,1,Acropora,Br,23.03333333,2,2.5,1.2,0
2013-05-07,Pocillopora,Br,16.53333333,1.8,1,Seriatopora,Br,7.866666667,0.7,1,0,0.8
2013-05-07,Stylophora,S.Br,9.033333333,1.1,1,CCA,En,2.7,0.5,-5.5,-0.4,0
2013-05-07,Isopora,Col,8,1.5,1,Stylophora,Br,9.4,0.9,-7.6,0,1
2013-05-07,Montipora,En,28.43333333,2.2,1,Stylophora,Br,7.133333333,6.8,-9.8,-0.8,-0.4
2013-05-07,Montipora,En,28.43333333,2.2,2,Montipora,En,15.16666667,30.1,-12,-1.3,-0.5
2013-05-07,Acropora,Br,31.83333333,2.2,1,Seriatopora,Br,10.26666667,7.7,-16,0.3,0.7
2013-05-07,Pocillopora,Br,4.5,0.6,1,Acropora,Br,24.76666667,4,0,0,0.7
2013-05-07,Acropora,Br,12.9,1.4,1,Stylophora,Br,9,6.4,2.9,0,0.6
2013-05-07,Acropora,Br,12.9,1.4,2,Stylophora,Br,9.7,7.1,-7.6,0,0.1
2013-05-07,Merulina,Fol,11.5,1.9,1,Seriatopora,Br,5.733333333,3,0.8,0,1
2013-05-07,Acropora,Br,27.76666667,1.4,1,Seriatopora,Br,9.6,12,-3.9,1.1,1.2
2013-05-07,Stylophora,Br,9.433333333,1.3,1,Seriatopora,Br,7.8,4.4,-5.3,0,0.4
2013-05-07,Favia,Ma,13.3,2.2,1,Seriatopora,Br,9.933333333,3.6,-1.3,0,0.3
2013-05-07,Merulina,Fol,15.36666667,1.9,1,Seriatopora,Br,10.63333333,4.7,10.3,0,1.6
2013-05-07,Galaxea,Br,9.466666667,1.8,1,Stylophora,S.Br,7.333333333,4.4,4.5,0,2.4
2013-05-07,Galaxea,Br,9.466666667,1.8,2,Isopora,S.Br,22.33333333,3,19.5,0,2.8
2013-05-07,Isopora,S.Br,9.166666667,1.9,1,Galaxea,Br,16.56666667,2.4,-2.3,0,2.3
2013-05-07,Galaxea,Br,13.03333333,1.9,1,Stylophora,S.Br,5.333333333,2.2,-7.8,0.2,0.9
2013-05-07,Montipora,En,23.76666667,2.3,1,Seriatopora,Br,3.933333333,2.4,-5.7,1.9,0.7
2013-05-07,Acropora,Br,18.6,0.45,1,Pocillopora,Br,7.2,4.5,-1.8,0,0.5
2013-05-07,Isopora,S.Br,33.76666667,1.3,1,Pocillopora,Br,12.86666667,8,-15.5,0,1.6
2013-05-07,Montipora,En,28.5,2.6,1,Stylophora,Br,10.33333333,15,0.8,2.2,0.4
2013-05-07,Montipora,En,28.5,2.6,2,Montipora,En,7.3,4.4,-5.3,0.3,0.4
2013-05-07,Montipora,En,9.366666667,2.2,1,Porites,Ma,4.266666667,8,1.6,1.3,0.9
2013-05-07,Montipora,En,9.366666667,2.2,2,Porites,Ma,3.933333333,4.3,3.3,2.1,0.6
2013-05-07,Montipora,En,9.366666667,2.2,3,Montipora,En,11.73333333,2,3.1,-0.8,-0.3
2013-05-07,Acropora,Br,17.23333333,1.6,1,Stylophora,S.Br,7.733333333,0.7,-6.7,0,0.9
2013-05-07,Acropora,Br,10.13333333,1.6,1,Isopora,S.Br,4.433333333,1.3,1.4,0.2,0
2013-05-07,Galaxea,Ma,1.933333333,1.1,1,Pocillopora,Br,6.766666667,0.8,2.2,0,0.8
2013-05-07,Acropora,Br,23.5,1.6,1,Stylophora,Br,13.83333333,12.2,-3,0.6,0.8
2013-05-07,Montipora,En,14.3,2.4,1,Isopora,Br,5.433333333,2,0.7,1.1,0.3
2013-05-07,Isopora,S.Br,2.8,1.7,1,Pocillopora,Br,3.2,1.1,-3.1,0,0.6
2013-03-28,Pocillopora,S.Br,5.566666667,1,1,Favia,Ma,15.2,5.7,-2.4,0,0.4
2013-03-28,Acropora,Tab,13.6,1,1,Pocillopora,S.Br,3.666666667,6,-4.8,1.1,0.9
2013-03-28,Acropora,Br,4.266666667,1,1,Stylophora,S.Br,5.933333333,1,-2.5,0,-0.3
2013-03-28,Acropora,Br,9.1,1.3,1,Seriatopora,Br,19.23333333,0.7,-2.9,0,0.3
2013-03-28,Acropora,Br,9.2,1,1,Pocillopora,S.Br,4.6,5.5,4.5,0.8,0.3
2013-03-28,Acropora,Br,9.866666667,1,1,Acropora,Br,5.433333333,1,-3,0,0.5
2013-03-28,Stylophora,S.Br,11.8,1.1,1,BCA,Br,6.233333333,3.5,1.8,-0.4,0
2013-03-28,Porites,Ma,1.933333333,0.7,1,BCA,Br,1.5,1,1.2,0.3,0
2013-03-28,Acropora,Br,8.966666667,1.3,1,Stylophora,S.Br,2,0.4,-4.6,0,-0.2
2013-03-28,Pocillopora,S.Br,3,0.5,1,Acropora,Br,7.033333333,2.3,1.1,-1.1,-0.3
2013-03-28,Pocillopora,S.Br,3,0.5,2,Stylophora,S.Br,8.8,4.5,1.5,0,0.5
2013-03-28,Pocillopora,S.Br,3,0.5,3,Acropora,Br,30.63333333,1.3,11.6,0,0.3
2013-03-28,Acropora,Br,9.333333333,0.9,1,Montipora,En,2.333333333,0.8,-3.5,0,0.4
2013-03-28,Acropora,Tab,10.03333333,0.5,1,Porites,Ma,7.366666667,0.6,-8.5,0.2,0.1
2013-03-28,Acropora,Br,5.133333333,1.1,1,Isopora,Col,5.433333333,2,2.7,0,-0.7
2013-03-28,Isopora,Col,10.53333333,1.1,1,Isopora,Col,7.9,1.8,4.4,0.3,0
2013-03-28,Acropora,Br,7.433333333,0.8,1,Lobophytum,Br,6.633333333,7,0.2,1.3,0
2013-03-28,Pocillopora,S.Br,5.633333333,0.7,1,Acropora,Br,11.93333333,3.4,3.6,0,0.5
2013-03-28,Acropora,Br,16.06666667,0.9,1,Acropora,Br,11.3,8,-3.9,2.2,0
2013-03-28,Acropora,Br,6.066666667,1.2,1,Acropora,Br,9,2.8,0,0.9,0
2013-03-28,Acropora,Tab,10.33333333,0.5,1,Stylophora,S.Br,2.933333333,2.5,-3.1,0.7,0.5
2013-03-28,Pocillopora,Br,7.366666667,0.6,1,Acropora,Br,46.6,9,-27,1.4,0.3
2013-06-03,Pocillopora,Br,7.8,1.2,1,Acropora,Br,9.2,3,3.8,0,0.4
2013-06-03,Acropora,Br,9.933333333,1,1,Isopora,S.Br,11.53333333,8.6,1,1.6,0.3
2013-06-03,Montipora,En,23.73333333,1.2,1,Isopora,S.Br,12.03333333,17.5,-6.3,-0.4,-0.6
2013-06-03,Montipora,En,23.73333333,1.2,2,Isopora,S.Br,6.666666667,6.5,-14.4,0.9,0.4
2013-06-03,Acropora,Br,8.966666667,1.2,1,Isopora,S.Br,11.66666667,8.4,-0.6,0,-0.6
2013-06-03,Acropora,Br,12.63333333,1.3,1,Isopora,S.Br,5.633333333,5.5,0,2.1,0.4
2013-06-03,Acropora,Br,8.8,1.1,1,Seriatopora,Br,8.2,1.9,2.8,0.3,0.3
2013-06-03,Acropora,Br,8.8,1.1,2,Seriatopora,Br,4.666666667,3,-1.3,0,0.3
2013-06-03,Acropora,Br,3.666666667,1.2,1,Seriatopora,Br,8.466666667,0.7,-0.9,0,0.6
2013-06-03,Acropora,Br,26.56666667,1,1,Isopora,S.Br,49.96666667,9.7,2.7,0,-0.9
2013-06-03,Acropora,Br,6.133333333,0.8,1,Acropora,Br,3.2,2.7,-2.2,0.8,0.1
2013-06-03,Stylophora,S.Br,8.9,0.9,1,Isopora,S.Br,64.66666667,9.9,18.8,0,0.8
2013-06-03,Acropora,Br,20.63333333,0.9,1,Isopora,S.Br,10.56666667,8.4,-6.1,0.4,0.2
2013-06-03,Montipora,En,12.4,0.9,1,Acropora,Br,12.7,4.8,-4.2,0.6,0.2
2013-06-03,Acropora,Br,5.5,0.9,1,Acropora,Br,8.766666667,3.1,2,-0.3,0
2013-06-03,Acropora,Br,8.366666667,0.8,1,Acropora,Br,32.1,3.1,10.8,-0.9,-0.3
2013-06-03,Seriatopora,Br,11.33333333,1.8,1,Isopora,S.Br,9.433333333,2.9,3.4,0,-0.6
2013-06-03,Galaxea,Ma,20.33333333,1.4,1,Acropora,Br,22.8,7.4,6.7,0,2.8
2013-06-03,Galaxea,Ma,20.33333333,1.4,2,Turbinaria,Fol,14.7,12.9,7.7,0,2.9
2013-06-03,Acropora,Br,8.7,0.7,1,Hydnophora,Ma,9.233333333,2.7,0.5,0,-0.5
2013-06-03,Pocillopora,Br,6.8,0.5,1,Acropora,Br,12.43333333,5.9,3.8,0,1.1
2013-06-03,Acropora,Br,12.4,0.9,1,Acropora,Br,17.83333333,9.7,4.3,3.2,0
2013-06-03,Pocillopora,Br,5.9,0.9,1,Acropora,Br,5.166666667,2.3,3.1,0,0.4
2013-06-03,Acropora,Tab,28.76666667,0.5,1,Acropora,Br,13.33333333,4.6,2,1.2,0
2013-06-03,Isopora,S.Br,11.96666667,1,1,Acropora,Br,11.76666667,10.7,-3.1,2,0
2013-06-03,Acropora,Br,18.66666667,1,1,Stylophora,S.Br,4.8,5.2,-3.5,0,1.1
2013-06-03,Acropora,Br,7.766666667,0.8,1,Acropora,Br,5.333333333,2.9,-3.7,0.7,0.2
2013-06-03,Stylophora,S.Br,3.366666667,1.1,1,Acropora,Br,3.066666667,2.8,1.4,0,-0.4
2013-06-03,Acropora,Tab,8.833333333,0.8,1,Acropora,Br,10.43333333,5.4,3.8,0.4,0
2013-06-03,Acropora,Tab,19.5,0.9,1,Isopora,S.Br,14.26666667,2.3,1.9,0.6,0
2013-06-03,Acropora,Br,14,0.8,1,Acropora,Br,23.46666667,1,8.8,0.8,0
2013-03-28,Porites,Ma,7.333333333,2.5,1,CCA,En,1.266666667,2,-1.7,-0.3,0
2013-03-28,Porites,Ma,7.333333333,2.5,2,CCA,En,1.266666667,2,-1.3,-0.4,0
2013-03-28,Porites,Ma,7.333333333,2.5,3,CCA,En,3.366666667,7,-0.3,-0.3,0
2013-03-28,Porites,Ma,7.333333333,2.5,4,CCA,En,2.733333333,3.5,-2.3,-0.4,0
2013-03-28,Acropora,Br,2.433333333,4.1,1,Porites,Ma,2.2,1.3,-0.6,0.2,0.4
2013-03-28,Acropora,Br,2.433333333,4.1,2,Porites,Ma,11.06666667,1.4,2,0.7,0.4
2013-03-28,Porites,Ma,5.7,2.3,1,CCA,En,1.566666667,1.9,0.1,-0.2,0
2013-03-28,Porites,Ma,4.833333333,2.4,1,CCA,En,4.466666667,7.4,-0.2,-0.3,0
2013-03-28,Acropora,Br,12.33333333,2.9,1,Lobophytum,Br,47.76666667,1.3,19.6,-0.4,0
2013-03-28,Porites,Ma,92.33333333,3,1,CCA,En,5.666666667,4.3,-45,-0.9,0
2013-03-28,Favia,Ma,31.76666667,1.3,1,CCA,En,10.16666667,37,-1.3,-0.4,0
2013-03-28,Favia,Ma,31.76666667,1.3,2,CCA,En,3.833333333,5,-4,-0.2,0
2013-03-28,Favia,Ma,31.76666667,1.3,3,CCA,En,1.7,2.6,-17,-0.2,0
2013-03-28,Acropora,Br,15,1.1,1,CCA,En,0.8,1.2,-3,0.1,0
2013-03-28,Acropora,Br,15,1.1,2,CCA,En,1.933333333,3,-1,-0.1,0
2013-03-28,Acropora,Br,15,1.1,3,CCA,En,1.133333333,1.2,-3,-0.1,0
2013-03-28,Porites,Ma,66.93333333,3.5,1,Pocillopora,S.Br,5.866666667,9,-45,0,-1.6
2013-03-28,Porites,Ma,66.93333333,3.5,2,CCA,En,1.866666667,3,-19,-0.4,0
2013-03-28,Montipora,En,8.6,3.1,1,CCA,En,10.5,5.5,7.7,0.1,0
2013-02-13,Pocillopora,S.Br,37.53333333,2.1,1,Isopora,S.Br,128,25,8,-0.8,-0.9
2013-02-13,Montipora,En,38.7,2.7,1,Isopora,S.Br,64,50,9,2.9,1.4
2013-02-13,Montipora,En,38.7,2.7,2,Isopora,S.Br,84.66666667,42,8,2.3,0.4
2013-02-13,Montipora,En,38.7,2.7,3,Isopora,S.Br,46.33333333,19,29,2.9,0.9
2013-02-13,Goniastrea,Ma,15.73333333,2.7,1,Montipora,En,32.66666667,4,5,0,1.4
2013-02-13,Montipora,En,35.8,3.5,1,Isopora,S.Br,70,46,8,5.8,0.3
2013-02-13,Montipora,En,35.8,3.5,2,Isopora,S.Br,54.66666667,39,14,5.7,-0.2
2013-02-13,Acropora,Br,19.03333333,2.6,1,Isopora,S.Br,45.66666667,32,21,0,-0.7
2013-02-13,Acropora,Br,15.63333333,4.5,1,Merulina,Fol,12.33333333,2,11,0,0.8
2013-02-13,Montipora,En,30.13333333,3.2,1,Isopora,S.Br,91.66666667,99,13,5.7,1.1
2013-02-13,Montipora,En,22.46666667,3.2,1,Isopora,S.Br,91.66666667,35,5,3.9,0.6
2013-02-13,Montipora,En,29.66666667,4.3,1,Isopora,S.Br,34,30,16,2.6,0.9
2013-02-13,Montipora,En,29.66666667,4.3,2,Isopora,S.Br,46,17,13,3.2,0.8
2013-02-13,Montipora,Fol,30.9,3.5,1,Goniastrea,Ma,35.66666667,33,11,0,-3.3
2013-02-13,Pocillopora,S.Br,13.83333333,3.6,1,Psammocora,Col,13,14,8,0,-0.9
2013-02-13,Montipora,En,17.56666667,3.8,1,Psammocora,Col,8,5.5,0,0.2,0.4
2013-02-13,Montipora,En,17.56666667,3.8,2,Psammocora,Col,2.166666667,1,-1,0,-0.8
2013-02-13,Montipora,En,17.56666667,3.8,3,Psammocora,Col,6.333333333,5,6,0,-0.4
2013-02-13,Montipora,En,8.1,3.4,1,Caulastrea,Ma,43.66666667,14,0,0.8,0
2013-02-13,Montipora,En,8.1,3.4,2,Isopora,S.Br,20,4,18,0.9,-0.4
2013-02-13,Acropora,Br,20.9,3.9,1,Montipora,En,20.66666667,24,9,-0.4,-0.2
2013-02-13,Stylophora,S.Br,9.6,3.8,1,Porites,Br,10.66666667,1,9,0,0.6
2013-02-13,Stylophora,S.Br,9.6,3.8,2,Porites,Br,22,7,8,0,0.6
2013-02-13,Montipora,En,10.66666667,5.4,1,Goniastrea,Ma,28.33333333,40,16,2.4,1
2013-02-13,Montipora,En,13.06666667,5.3,1,Montipora,En,6,13,0,0,0.5
2013-02-01,Acropora,Br,11.53333333,2,1,Stylophora,S.Br,5.233333333,3.7,4.5,0.8,-0.9
2013-02-01,Acropora,Tab,16.03333333,1.5,1,Stylophora,S.Br,12.23333333,2.4,2.3,0.6,0.1
2013-02-01,Millepora,En,26.83333333,2,1,Acropora,Br,6.8,6.5,-3.1,2.2,0
2013-02-01,Millepora,En,26.83333333,2,2,Acropora,Br,60.23333333,17,19,4.8,0
2013-02-01,Millepora,En,26.83333333,2,3,Pavona,Ma,17.23333333,16,10,6,0
2013-02-01,Acropora,Br,12.33333333,1.5,1,Pocillopora,S.Br,7.833333333,5,-2.5,1.1,0.5
2013-02-01,Acropora,Br,4.9,1.7,1,Pocillopora,S.Br,5.466666667,3.6,0.9,0,0.2
2013-02-01,Acropora,Br,4.9,1.7,2,Stylophora,S.Br,4.533333333,1,0.7,0,-0.4
2013-02-01,Acropora,Br,8.6,1.8,1,Montipora,En,15.63333333,6.2,-0.6,-0.4,-0.6
2013-03-25,Galaxea,Ma,5.066666667,0.7,1,Stylophora,S.Br,2.3,2.2,3.6,0,1.3
2013-03-25,Acropora,Br,28.4,1.4,1,Acropora,Br,66.36666667,2.5,25,0,1.3
2013-03-25,Acropora,Tab,61.56666667,0.9,1,Goniastrea,Ma,30.96666667,17,0,0,-1.7
2013-03-25,Isopora,Col,4.266666667,0.6,1,Stylophora,S.Br,2.866666667,2,-3.3,0,0.7
2013-03-25,Acropora,Br,64.33333333,1.7,1,Favia,Ma,35.6,8.2,10.5,1.9,-2.4
2013-03-25,Millepora,Col,17.03333333,1.5,1,Cladiella,S.Br,8.833333333,3.1,-4.9,0.3,0
2013-03-25,Porites,Ma,8.7,3.2,1,Sarcophyton,Tab,5.033333333,3.5,1.8,-0.8,0
2013-03-25,Porites,Ma,8.7,3.2,2,Sarcophyton,Tab,5.4,3.7,1.9,0.2,0
2013-03-25,Porites,Ma,1.133333333,3.2,1,Sarcophyton,Tab,5.466666667,1.4,2,-0.3,0
2013-03-25,Acropora,Br,23.9,1.7,1,Stylophora,S.Br,6.8,6.8,-2.3,0.4,-0.3
2013-03-25,Acropora,Br,2,1.4,1,Pocillopora,S.Br,1.933333333,1.1,-1,0,-0.3
2013-03-25,Porites,Ma,79.83333333,1.3,1,CCA,En,3.366666667,3.2,-8.2,-0.3,0
2013-03-25,Porites,Ma,79.83333333,1.3,2,CCA,En,3.766666667,4,-0.2,-0.7,0
2013-03-25,Porites,Ma,79.83333333,1.3,3,CCA,En,4.3,4.3,-1.4,-0.5,0
2013-03-25,Porites,Ma,79.83333333,1.3,4,Lobophora,En,31.9,75,-25,-2,0
2013-03-25,Porites,Ma,79.83333333,1.3,5,Lobophora,En,15.9,51.5,-36.5,-0.3,0
2013-03-25,Porites,Ma,79.83333333,1.3,6,CCA,En,2.866666667,5,-1,-0.3,0
2013-03-25,Porites,Ma,79.83333333,1.3,7,CCA,En,7.6,9.5,0,-0.2,0
2013-03-25,Porites,Ma,37,1.8,1,CCA,En,11.23333333,22.5,-26.5,-1,0
2013-03-25,Porites,Ma,10.23333333,1.9,1,CCA,En,6.633333333,8,-2.3,-0.2,0
2013-03-25,Porites,Ma,2.933333333,1.9,1,CCA,En,2.4,1.8,-1,-0.4,0
2013-03-25,Porites,Ma,2.933333333,1.9,2,CCA,En,5.8,3.9,-1.2,-0.5,0
2013-03-25,Acropora,Br,3.866666667,2.1,1,Porites,Ma,20.6,3.1,15,0.8,0.2
2013-03-25,Acropora,Br,3.866666667,2.1,2,Dysidea,Col,22.66666667,5,7.1,0.3,0
2013-03-25,Montipora,En,7.733333333,3.2,1,CCA,En,5.266666667,2.8,-6.4,0.4,0
2013-05-23,Millepora,Col,17,15.6,1,Stylophora,S.Br,7.166666667,8.6,1.8,1.3,0
2013-05-23,Millepora,Col,41.16666667,14.8,1,Lobophyllia,Ma,17.7,30,11,4.6,0
2013-05-23,Millepora,Col,41.16666667,14.8,2,Montipora,En,2.466666667,2.3,-5.2,0.7,0
2013-05-23,Millepora,Col,41.16666667,14.8,3,Montipora,En,16,7.2,-11.7,1.1,0
2013-05-23,Millepora,Col,41.16666667,14.8,4,Seriatopora,Br,5.466666667,4.8,-15.1,0.6,0
2013-05-23,Millepora,Col,19.16666667,14.5,1,Hydnophora,En,37.1,19.2,-1.5,-5.2,-1.1
2013-05-23,Millepora,Col,19.16666667,14.5,2,Montipora,En,22.56666667,6.3,-15,-0.3,-0.2
2013-05-23,Acropora,Br,9.733333333,11.2,1,Pocillopora,Br,7.733333333,7.9,1.1,0,-0.7
2013-05-23,Millepora,Col,30.73333333,12.7,1,Porites,Ma,11.46666667,4.9,-4.2,1.7,0
2013-05-23,Millepora,Col,30.73333333,12.7,2,Porites,Ma,5.266666667,14.2,-2.3,3.8,0.1
2013-05-23,Millepora,Col,30.73333333,12.7,3,Porites,Ma,3.933333333,3.5,-6.5,1.5,0
2013-05-23,Millepora,Col,30.73333333,12.7,4,Pavona,Ma,3.766666667,2.4,-15.4,0.8,0.2
2013-05-23,Millepora,Br,16.26666667,10,1,Porites,En,5,7.1,-11.4,1.8,0
2013-05-23,Millepora,Br,16.26666667,10,2,Porites,En,4.833333333,3.2,-10.9,1.1,0
2013-05-23,Millepora,Br,16.26666667,10,3,Galaxea,Ma,5.1,6.8,-9.1,0.2,-0.2
2013-05-23,Millepora,Col,6.333333333,10.5,1,Stylophora,S.Br,9.566666667,6.8,-0.2,1.1,0.1
2013-05-23,Millepora,Br,7.266666667,5.4,1,Galaxea,Ma,5.4,2.5,-4.3,0.9,0
2013-05-23,Millepora,Br,3,5.3,1,Stylophora,S.Br,5.8,4.3,-1.7,1,0
2013-05-23,Porites,Ma,88.43333333,15,1,Millepora,Col,3.966666667,7.5,-4.3,-2.6,0
2013-05-23,Porites,Ma,88.43333333,15,2,Acropora,Br,17.36666667,11.3,-45,-1.5,-0.7
2013-05-23,Porites,Ma,88.43333333,15,3,Stylophora,S.Br,8.866666667,11.7,-46,0,-0.4
2013-05-23,Millepora,Br,11,15.4,1,Stylophora,S.Br,14.2,2.3,-6.4,1.7,0
2013-05-23,Millepora,Br,5.433333333,15.7,1,Stylophora,S.Br,14.6,3.7,0,2.6,0
2013-05-23,Pavona,En,16.96666667,15.7,1,Millepora,Br,15.23333333,12.5,18,1.8,0.3
2013-05-23,Pavona,En,16.96666667,15.7,2,Millepora,Br,5.133333333,2.9,2.6,2.6,0
2013-05-23,Pavona,En,16.96666667,15.7,3,Millepora,Br,14.1,9,3.8,4.5,0
2013-05-23,Acropora,Br,9.566666667,16.2,1,Millepora,Br,6.733333333,1.1,5.9,1.9,0
2013-05-23,Echinopora,En,37.03333333,16.7,1,Porites,Ma,26.4,29,3.2,5.3,1.4
2013-05-23,Echinopora,En,37.03333333,16.7,2,Millepora,Br,21.13333333,12.4,-4.3,2,0.7
2013-05-23,Echinopora,En,37.03333333,16.7,3,Millepora,Br,27.13333333,19.1,14.6,2.4,0.3
2013-05-23,Acropora,Br,23.5,11.5,1,Acropora,Br,18.56666667,10,2.5,1.5,0
2013-05-23,Millepora,Br,16.7,11,1,Echinopora,En,29.6,15.3,-12.2,-5.3,-0.8
2013-05-23,Millepora,Br,16.7,11,2,Acropora,Br,14.5,3.3,0,-0.9,-0.5
2013-05-23,Millepora,Br,3.466666667,10.6,1,Porites,En,2.8,1.5,-3.2,-0.3,0
2013-04-04,Millepora,Br,72,18,1,Isopora,Col,13.5,1,-34,0.4,-0.2
2013-04-04,Millepora,Br,72,18,2,CCA,En,1.5,2,-32,-1.4,0
2013-04-04,Pocillopora,Br,11.9,16.8,1,Lobophyllia,Ma,27.66666667,23,5,0,-2.9
2013-04-04,Porites,Ma,11.96666667,15.8,1,Porites,Ma,29.66666667,9,-5,1.2,0.2
2013-04-04,Favites,Ma,10.4,11.8,1,Dysidea,Col,5.333333333,5,-1.5,-0.5,0
2013-04-04,Pocillopora,S.Br,7.1,11.2,1,Millepora,Col,4.333333333,6,2,0,0.5
2013-04-04,Pocillopora,S.Br,7.1,11.2,2,Millepora,Col,5.333333333,6,3.5,0.4,0.6
2013-04-04,Montipora,En,6.566666667,11.3,1,Millepora,Col,4.166666667,3.5,-4,0.2,-0.3
2013-04-04,Porites,Ma,7.733333333,11.3,1,Pavona,En,5.666666667,2,-2,-0.2,-0.5
2013-04-04,Montipora,En,50.33333333,12.8,1,Stylophora,S.Br,6.666666667,18,-1,3.8,-0.4
2013-04-04,Montipora,En,50.33333333,12.8,2,Lobophyllia,Ma,28,19,2,2.7,-1.2
2013-04-04,Montipora,En,50.33333333,12.8,3,Pavona,En,3.966666667,8,1,1,1.3
2013-04-04,Porites,Ma,75.7,10.2,1,Lobophyllia,Ma,45,45,-19,-1.3,-4.2
2013-04-04,Porites,Ma,4.566666667,12.6,1,Montipora,En,8.066666667,3.7,2.6,0,0.4
2013-04-04,Millepora,Col,9.566666667,13,1,Montipora,En,30.8,5.2,-1.9,2.5,0
2013-04-04,Montipora,En,11.83333333,13.3,1,Favia,Ma,5.533333333,12,3.2,1.5,0.3
2013-04-04,Montipora,En,11.83333333,13.3,2,Favia,Ma,5.933333333,5.3,-1.9,0.9,-1
2013-04-04,Montipora,En,11.83333333,13.3,3,Montipora,En,30.8,10,3,-1.4,-0.2
2013-04-04,Porites,Ma,10.63333333,13.1,1,Cladiella,S.Br,8.9,5.6,1.4,-0.7,0
2013-04-04,Porites,Ma,10.63333333,13.1,2,Millepora,Br,5.1,0.9,-4.2,-0.9,0.4
2013-04-04,Pocillopora,Br,7.633333333,14.4,1,Montipora,En,11.76666667,9,0.9,0,0.5
2013-04-04,Porites,Ma,21.86666667,14.4,1,BCA,Br,1.6,0.9,-9,-0.3,0
2013-04-04,Porites,Ma,8.666666667,14,1,Montipora,En,18.66666667,12,-2,-2.3,-0.6
2013-04-04,Porites,Ma,8.666666667,14,2,Pavona,En,13.86666667,3.4,-0.6,-1.2,-0.5
2013-04-04,Favites,Ma,8.6,13.2,1,Galaxea,Ma,5.633333333,4,-8.5,0,-3.7
2013-04-04,Favites,Ma,8.6,13.2,2,Cladiella,S.Br,27.2,10.5,1.2,-2,0
2013-04-04,Stylophora,S.Br,10.36666667,12.8,1,Millepora,Col,29.86666667,2,14.5,-0.3,0
2013-04-04,Stylophora,S.Br,10.36666667,12.8,2,Millepora,Col,7.133333333,1,-0.2,-0.4,0
2013-04-04,Favia,Ma,11.3,13.5,1,CCA,En,7.666666667,4.7,-7.8,-0.3,0
2013-04-04,Favia,Ma,11.3,13.5,2,Sinularia,Tab,6.266666667,10,3,5.7,0
2013-04-18,Favia,Ma,7.166666667,18.8,1,CCA,En,3.666666667,16,0,-2.3,0
2013-04-18,Favia,Ma,7.166666667,18.8,2,CCA,En,9.766666667,7.3,-3.6,-0.9,0
2013-04-18,Porites,Ma,45.36666667,19.4,1,Montipora,En,20.86666667,34,10,-6.8,-0.3
2013-04-18,Porites,Ma,45.36666667,19.4,2,Galaxea,Ma,5.2,2.9,-18,0,-1.3
2013-04-18,Porites,Ma,45.36666667,19.4,3,Montipora,En,12.56666667,6.7,-17,-1.5,-0.6
2013-04-18,Pocillopora,S.Br,33.43333333,18.6,1,Merulina,Fol,11.6,9.9,-4.1,-4,-1.7
2013-04-18,Pocillopora,S.Br,33.43333333,18.6,2,Sarcophyton,Tab,17.3,6,-17.5,0,-1.6
2013-04-18,Pocillopora,S.Br,33.43333333,18.6,3,Lobophyllia,Ma,7.8,10.3,-4.7,-1.4,-5.4
2013-04-18,Pocillopora,S.Br,17.33333333,13.6,1,Montipora,En,22.76666667,11,-1.1,-3.8,-0.4
2013-04-18,Montipora,En,62.33333333,13.2,1,Pocillopora,Br,9.733333333,8.7,-11,0.2,-0.3
2013-04-18,Montipora,En,62.33333333,13.2,2,Stylophora,S.Br,5.233333333,8,-7.3,3,0.4
2013-04-18,Montipora,En,62.33333333,13.2,3,Pocillopora,S.Br,21,3.1,-16,2.2,1.1
2013-04-18,Montipora,En,62.33333333,13.2,4,Porites,En,5.3,2.5,1,0,0.4
2013-04-18,Montipora,En,62.33333333,13.2,5,Montipora,En,15.36666667,2.7,4.3,0.4,0.3
2013-04-18,Montipora,En,62.33333333,13.2,6,Porites,Ma,5.3,5.4,-3.2,2.1,0.9
2013-04-18,Montipora,En,62.33333333,13.2,7,Favia,Ma,6.2,5.9,-13.3,0,-0.4
2013-04-18,Montipora,En,62.33333333,13.2,8,Favia,Ma,5.033333333,3.7,-17,0,-1.7
2013-04-18,Millepora,Col,23.66666667,12.4,1,Leptoria,Ma,35.83333333,39,-12,1.3,-0.4
2013-03-29,Millepora,Br,33.33333333,16.2,1,Pavona,Ma,30.86666667,12,-14.5,-1.6,-0.2
2013-03-29,Montipora,En,54.66666667,13.5,1,Pocillopora,S.Br,19.53333333,1.4,-5.4,0,-0.7
2013-03-29,Montipora,En,54.66666667,13.5,2,Millepora,Br,8,4,-11.1,0.1,0
2013-03-29,Platygyra,Ma,33.1,14.3,1,Montipora,En,15.6,8,-11.1,-3.9,-0.6
2013-03-29,Platygyra,Ma,33.1,14.3,2,Pocillopora,Br,11.33333333,11,-13.7,0,-1.2
2013-03-29,Montipora,En,10.1,11.9,1,Pavona,Ma,26.9,8,-12,2.1,1
2013-03-29,Acropora,Br,7.7,11.4,1,Stylophora,S.Br,5.9,1.3,-1.7,0,-0.5
2013-03-29,Montipora,En,10.4,11,1,Porites,Ma,10.23333333,9,5.5,5,0.8
2013-03-29,Platygyra,Ma,31,10.7,1,Montipora,En,8.866666667,8.6,-11.2,-2.5,-1.5
2013-03-29,Platygyra,Ma,31,10.7,2,Millepora,Col,5.233333333,0.8,-6,-0.6,0.3
2013-03-29,Isopora,S.Br,10.8,7,1,CCA,En,10.56666667,10,-1,-2.3,0
2013-03-29,Millepora,Br,29.53333333,20.9,1,Favia,Ma,24.7,0.8,-13.5,-0.6,-0.1
2013-03-29,Millepora,Br,29.53333333,20.9,2,Favia,Ma,4.5,0.9,-17,0.7,0
2013-03-29,Millepora,Br,29.53333333,20.9,3,BCA,Br,2.833333333,0.4,-14,-0.2,0
2013-03-29,Millepora,Br,22.03333333,20.8,1,Seriatopora,Br,9.5,2.5,-5.5,0.2,0
2013-03-29,Millepora,Br,22.03333333,20.8,2,Lobophora,En,1.3,1,-6,-0.9,0
2013-03-29,Millepora,Br,22.03333333,20.8,3,Porites,Br,19.56666667,2,6.7,-1,0
2013-03-29,Acropora,Br,3.966666667,20.8,1,Millepora,Br,0.566666667,0.6,-0.6,0.2,0
2013-03-29,Porites,Ma,20.83333333,20.1,1,Euphyllia,Ma,23.33333333,22.5,3.1,0,-3.7
2013-03-29,Montipora,En,56.7,18.5,1,Goniastrea,Ma,9.1,25,-16,7.7,0
2013-03-29,Montipora,En,56.7,18.5,2,Montipora,En,15.4,7,-28,0.3,0
2013-03-29,Porites,Ma,62.96666667,14,1,Turbinaria,Fol,33,14.4,-29.2,-1.1,-0.6
2013-03-29,Porites,Ma,62.96666667,14,2,Turbinaria,Fol,7.3,33,-25.8,-0.9,-0.5
2013-03-29,Porites,Ma,62.96666667,14,3,Favia,Ma,7.766666667,3.3,-10.4,-1.5,-0.2
2013-03-29,Porites,Ma,62.96666667,14,4,Favia,Ma,8.866666667,8.7,-21.4,-1.4,-2
2013-03-29,Montipora,En,19,13.1,1,Turbinaria,Fol,28.6,2.4,-3.6,-0.5,0
2013-03-29,Porites,Ma,25.86666667,12.6,1,Montipora,En,39.4,39,-3.2,-8.4,-0.4
2013-03-29,Porites,Ma,25.86666667,12.6,2,Turbinaria,Fol,38.96666667,23.7,7.5,-2.6,-2.5
2013-03-29,Porites,Ma,25.86666667,12.6,3,Seriatopora,Br,8.033333333,3,-4.4,0,0.6
2013-04-16,Porites,Ma,13.06666667,22,1,Hydnophora,Br,7.5,4.1,-2.8,-0.8,-0.7
2013-04-16,Seriatopora,Br,14.76666667,20.8,1,Porites,Ma,39.83333333,5,17,0.2,-0.5
2013-04-16,Seriatopora,Br,14.76666667,20.8,2,Porites,Br,19.23333333,12.8,4.3,0.5,0.4
2013-04-16,Turbinaria,Fol,43.1,19.6,1,Merulina,Fol,10.46666667,8,-0.7,1.3,2.1
2013-04-16,Turbinaria,Fol,43.1,19.6,2,Goniastrea,Ma,19.86666667,11,11,0,2.8
2013-04-16,Porites,Ma,23.96666667,17.1,1,Turbinaria,Fol,9.833333333,4.3,-3.2,-0.5,0
2013-04-16,Porites,Ma,23.96666667,17.1,2,Seriatopora,Br,3.633333333,1.1,-6.8,-0.1,0
2013-04-16,Millepora,Br,22.6,15.8,1,Turbinaria,Fol,21.26666667,22,-7.5,0.9,0.2
2013-04-16,Porites,Ma,32.93333333,14.5,1,Lobophora,En,9.566666667,19,-3,-3.7,0
2013-04-16,Porites,Ma,32.93333333,14.5,2,Lobophytum,Br,19.26666667,11.2,-7.3,0,-1.3
2013-04-16,Porites,Ma,4.9,11.4,1,Pachyseris,Fol,20.26666667,1,-1,0,0.6
2013-04-16,Porites,Ma,39.06666667,11,1,Euphyllia,Ma,29.66666667,24,-13,-3,-2.6
2013-04-16,Porites,Ma,15.96666667,10.3,1,Merulina,Fol,26.2,19,-4.4,-9.2,-3.3
2013-04-16,Acropora,Br,4.533333333,8.3,1,Porites,Ma,24.26666667,3,2.2,0.7,0.3
2013-04-16,Millepora,Col,10.93333333,8.5,1,Leptoria,Ma,24.16666667,5,7.5,1.3,0
2013-04-16,Porites,Ma,34,8.7,1,Millepora,Col,18.33333333,20,-0.6,-7.7,-0.2
2013-04-16,Porites,Ma,34,8.7,2,Millepora,Col,17.76666667,9.8,-8.7,-2.3,-2
2013-04-16,Porites,Ma,27.76666667,8.7,1,Turbinaria,Fol,23.5,17,-6.7,-4,-2
2013-04-16,Porites,Ma,27.76666667,8.7,2,Montipora,En,28.33333333,45,-1.8,-7.2,-1
2013-04-16,Stylophora,S.Br,7.2,3.6,1,Acropora,Br,14.13333333,3.5,2.7,0,0.7
2013-04-16,Millepora,Col,12.96666667,3.3,1,Stylophora,S.Br,10.53333333,5.7,1.4,2.7,0